Id,Neg,Pos,Review
1,服務,,"服務態度 x
極差 x
。 x
預定 x
的 uj
房間 x
告訴 x
我 r
沒有 x
， x
說 v
要 v
加錢 x
升級 x
才 d
有 v
。 x
我 r
說 v
我 r
已經 x
用 p
信用卡 n
擔保 x
， x
服務員 x
很 zg
堅決 x
地 uv
說 v
沒有 x
收到 v
， x
沒 zg
錢 x
可以 c
走 v
。 x"
7,環境	服務,,"酒店 n
的 uj
服務 x
簡直 x
不好 d
程度 n
排 v
第一 m
！ x
我 r
第一天 m
住 v
1702 m
， x
房間 x
漏風 x
。 x
第二天 m
調整 x
到 v
1710 m
房間 x
！ x
這個 x
房間 x
的 uj
空調 x
是 v
壞 a
的 uj
！ x
半夜 m
給 p
凍醒 v
了 ul
。 x
第三天 m
調整 x
到 v
1107 m
房間 x
， x
明顯 x
比 p
1702 m
和 c
1710 m
房間 x
小 a
的 uj
很多 m
， x
而且 c
房間 x
不 d
能夠 x
上網 x
， x
我 r
已經 x
被 p
折磨 v
的 uj
沒有 x
力氣 x
在 p
調整 x
房間 x
了 ul
。 x
想 v
躺 v
在 p
床上 n
看看 v
電視 x
， x
我 r
的 uj
天 q
啊 y
！ x
看 v
不了 v
！ x
總之 x
我 r
對 p
這次 x
攜程 x
的 uj
服務 x
比較滿意 x
， x
對 p
該 r
遼寧省 x
瀋陽市 x
新湖 ns
城市 ns
酒店 n
提供 v
的 uj
客房 n
服務 x
是 v
特別 x
特別 x
特別 x
的 uj
不 a
滿意 x
！ x
我 r
希望 v
攜程 x
能夠 x
好好 d
考慮一下 x
自己 r
的 uj
加盟 ns
酒店 n
， x
總是 x
這樣 x
我們 x
還 x
怎麼 x
相信 v
攜程 x
這樣 x
的 uj
品牌 n
。 x
總體 x
來說 x
我 r
很 d
鬱悶 x
！ x
也 d
特別 x
的 uj
傷心 x
！ x"
8,環境	服務,,"入住 v
退房 v
慢 a
, x
電梯 x
慢 a
, x
超市 v
破 v
, x
房間 x
舊 x
, x
服務態度 x
差 a
! x"
9,,環境,"攜程 x
定 v
的 uj
不帶 n
早飯 x
， x
所以 c
不能 v
評價 x
吃 v
的 uj
。 x
總體 x
來說 x
裝修 x
不錯 x
， x
沒有 x
什麼 x
特別 x
大 a
的 uj
毛病 n
。 x
停車 x
先 d
收 v
20 m
快 a
一天 m
， x
最後 x
到 v
前台 n
報銷 x
。 x
空調 x
非常 d
足 a
， x
都 d
有點 x
過熱 x
了 ul
。 x
這個 x
價位 x
住 v
到 v
這樣 x
子 ng
的 uj
酒店 n
， x
非常 d
好 a
了 ul
。 x
感覺 x
比較 x
適合 x
家庭 n
出遊 x
。 x
上網 x
貴 a
的 uj
就是 d
不要 df
上網 x
了 ul
， x
比較 x
黑 a
。 x"
10,,環境	服務	餐廳,"酒店 n
服務 x
不錯 x
， x
環境 x
也 d
還 d
比較 x
好 a
！ x
特別 x
是 v
好像 v
是 v
48 m
樓 n
那個 x
旋轉 x
餐廳 x
滿 x
有 v
特色 n
， x
至少 d
我 r
覺得 x
住 v
這個 x
酒店 n
還 d
滿 a
滿意 x
！ x"
11,環境,,"在 p
長春 x
這樣 x
的 uj
房間 x
還好 x
, x
環境 x
也 d
還好 x
, x
就是 d
現在 x
氣溫 x
已經 x
在 p
零下 m
啦 y
, x
房間 x
的 uj
空調 x
還 x
沒有 x
暖風 x
, x
晚上 t
都 d
凍醒 v
了 ul
幾次 x
, x
感冒 v
啦 y
. m"
12,環境,,"交通不便 l
是 v
這個 x
地方 n
最最 d
令 v
我 r
失望 v
的 uj
地方 n
， x
住 v
了 ul
三天 m
， x
第一天 m
， x
打 v
不到 v
的士 n
， x
酒店 n
的 uj
司機 x
開了個 x
商務車 x
竟然 d
收 v
我 r
40 m
塊 q
去 v
一個 x
實際上 x
打車 x
只要 c
不到 v
20 m
塊 q
的 uj
地方 n
。 x
不是 c
錢 n
的 uj
問題 x
， x
而是 c
趁火打劫 i
的 uj
行為 n
實在 x
令 v
我 r
憤怒 x
。 x
房間 x
的 uj
第二個 x
晚上 t
， x
竟然 d
沒有 x
空調 x
， x
只 d
緩慢 x
吹風 x
。 x
而且 c
房間 x
的 uj
隔音 n
也 d
不怎麼樣 x
， x
白天 t
晚上 t
都 d
可以 c
聽到 x
KTV eng
和 c
夜總會 x
的 uj
歌聲 x
。 x
本來 x
酒店 n
的 uj
房間 x
設計 x
， x
和 c
格調 x
我 r
還 d
聽 v
喜歡 x
的 uj
， x
不過 x
經歷 x
以上 f
的 uj
， x
以後 x
真的 d
不敢恭維 x
。 x"
13,餐廳	服務	環境,,"建議 x
不要 df
入住 v
！ x
簡直 x
就是 d
2 x
星級 x
以下 f
的 uj
賓館 x
。 x
根本 a
體會 x
不到 v
啥 r
服務 x
。 x
只有 c
嘈雜 x
的 uj
人聲 x
。 x
整個 x
就是 d
接待 v
旅遊 x
會議 x
團隊 x
的 uj
只顧 x
賺錢 x
的 uj
賓館 x
。 x
早上 t
吃飯 x
更是 d
亂 zg
。 x
吃 v
個 q
飯 n
都 d
不安寧 x
。 x"
14,,環境	價格,"服務 x
很 zg
熱情 x
， x
房間 x
溫度 x
正好 a
， x
隔音 n
效果 n
好 a
， x
地理位置 n
優越 x
， x
性價比 x
高 a
， x
下次 t
來 v
還 d
住 v
這裡 r
！ x"
15,餐廳	交通,,"同樣 x
的 uj
房間 x
有 v
小 a
有 v
大 a
， x
地理位置 n
比較 x
偏遠 x
。 x
早飯 x
不是 c
自助餐 v
形式 n
的 uj
， x
採用 x
的 uj
是 v
套餐 n
形式 n
。 x
不 d
能夠 x
自己 r
選擇 x
的 uj
， x
套餐 n
之外 f
的 uj
要 v
自己 r
購買 x
的 uj
。 x
這個 x
很 d
不 d
方便 a
， x
本人 r
不是 c
很 zg
喜歡 x
。 x
賓館 x
反饋 x
2008 m
年 m
4 m
月 m
7 m
日 m
： x
非常 d
感謝您 x
光臨 x
我們 x
酒店 n
, x
也 d
感謝您 x
對 x
我們 x
酒店 n
的 uj
關注 x
和 c
提出 v
一些 m
問題 x
, x
酒店 n
同 p
一種 x
房間 x
大小 b
都 d
是 v
一樣 x
的 uj
. m
關於 x
同樣 x
的 uj
房間 x
有 v
小 a
有大 a
的 uj
問題 x
, x
是 v
在 p
客人 n
原訂 x
房型 n
不足 a
用 p
或 c
出現異常 x
問題 x
時 zg
, x
我們 x
酒店 n
為了 p
保障 v
預訂 x
客人 n
的 uj
房間 x
而 c
給予 x
客人 n
免費 x
升級 x
入住 v
所 c
產生 x
的 uj
情況 x
. x
酒店 n
早餐 n
是 v
套餐 n
形式 n
. x
共有 v
8 m
款 m
固定 a
中式 n
茶點 x
套餐 n
供 v
客人 n
選用 x
, x
套餐 n
之外 f
需 v
增加 v
其它 r
點心 x
客人 n
需 v
自已 d
購買 x
. m
給 p
您 r
造成 v
不便 c
我們 x
深表歉意 vn
! x
歡迎您 x
的 uj
再次 d
光臨 x
我們 x
酒店 n
! x"
16,餐廳	環境,,"借殼 n
原來 x
的 uj
天津 ns
樂園 x
賓館 x
現在 x
居然 d
是 v
「 x
4 x
」 x
星級 x
酒店 n
， x
環境 x
太亂 n
, x
和 c
演藝 x
場 q
在 p
一起 m
, x
像 v
娛樂場所 x
, x
不 d
像 v
賓館 x
, x
到處 x
是 v
穿著 n
睡衣 n
的 uj
人們 x
在 p
走動 x
， x
特別 x
是 v
早餐 n
， x
連 nr
2 m
星 n
的 uj
賓館 x
都 d
不如 c
； x
真不知道 i
那些 r
評論 x
星級 x
酒店 n
的 uj
官員 x
們 k
在 p
這裡 r
的 uj
洗浴 v
中心 n
享受 v
過 zg
什麼 x
特別 x
待遇 n
。 x
。 x
。 x
。 x"
17,,環境	交通,"我 r
訂 v
的 uj
是 v
行政 n
房 n
, x
但 c
酒店 n
給 p
我 r
免費 x
升級 x
到 v
公寓 n
房 n
, x
是 v
他們 x
新 a
的 uj
房子 n
, x
房間 x
設施 x
, x
裝修 x
都 d
非常 d
不錯 x
, x
而且 c
可以 c
延遲 x
退房 v
到 v
3 m
點 q
呢 y
, x
地理位置 n
好 a
, x
交通 n
方便 a
, x
餐飲 x
附近 f
也 d
方便 a
, x
如果 c
下次 t
去 v
南京 ns
我 r
還 d
會 v
住 v
在 p
這裡 r
的 uj
, x
我 r
非常 d
喜歡 x"
18,環境,服務,"房間 x
雖 c
小 n
， x
但 c
設施 x
齊全 x
。 x
服務 x
很 d
好 a
， x
一直 d
住 v
這個 x
酒店 n
。 x"
19,餐廳	環境,,"外觀 x
還 x
行 zg
, x
但是 c
裡面 f
的 uj
環境 x
就 d
沒法 x
提 v
了 ul
. m
衛生間 x
有 v
一股 m
說不清 x
的 uj
味道 n
, x
本來 x
想 v
洗澡 v
, x
但是 c
看過 x
衛生間 x
後 nr
, x
還是 x
打消 v
了 ul
念頭 x
! x
早餐 n
只有 c
麵 yg
包 v
\ x
粥 n
\ x
鹹菜 x
\ x
, x
以及 c
鴿子 x
蛋 n
大小 b
的 uj
雞蛋 x
. m
吃 v
完 v
之後 x
居然 d"
20,環境	服務	交通,,"酒店 n
在 p
裝修 x
， x
整體 x
感覺 x
特別 x
不好 d
， x
正門 x
都 d
走 v
不了 v
， x
車 n
也 d
不讓 x
停 v
， x
服務 x
人員 x
也 d
不 d
協助 x
找 v
停車 x
的 uj
地方 n
， x
哪裡 r
像是 v
五星 nz
的 uj
服務 x
水準 x
？ x
房間 x
衛生狀況 x
也 d
不是 c
很 zg
理想 n
， x
備品 x
也 d
不 d
像是 v
五星級 x
的 uj
， x
比如 v
牙刷 vn
根本就是 n
劣質 x
產品 x
。 x
酒店 n
整體 x
的 uj
軟性 x
服務 x
也 d
需要 v
提升 v
， x
看得出 v
是 v
個 q
管理 vn
很 zg
一般 a
的 uj
飯店 x
， x
服務 x
有員 n
整體素質 x
一般 a
。 x"
21,服務,,"本 r
想定 v
晉祠 nr
賓館 x
， x
沒房 v
了 ul
， x
攜城 v
推薦 x
到 v
這兒 x
， x
其實 x
離 v
晉祠 nr
還 d
很遠 x
。 x
服務態度 x
不大好 l
。 x
根本 a
就 d
沒有 x
出租車 x
， x
有 v
黑車 x
， x
斬 v
得 ud
厲害 x
。 x"
22,環境	服務	交通,,"訂 v
了 ul
兩次 x
這家 x
酒店 n
, x
遇到 v
都 d
是 v
幾乎 x
相同 d
的 uj
問題 x
, x
我 r
在 p
備註 x
裡 f
寫 v
的 uj
很 a
清楚 a
, x
"" x
不 d
臨街 x
, x
安靜 x
, x
高層 x
, x
不要 df
KTV eng
上 f
的 uj
房型 n
, x
"" x
不 d
知道 v
什麼 x
原因 n
, x
是 v
攜程 x
沒有 x
把 p
信息 n
傳給 x
酒店 n
, x
還是 x
酒店 n
的 uj
理解 v
有 v
問題 x
, x
第一次 m
給 p
了 ul
我 r
? x"
24,環境	價格	餐廳,,"日本 ns
人 n
的 uj
酒店 n
， x
居然 d
日本料理 n
做 v
的 uj
那麼 x
差 a
。 x
房間 x
很 zg
舊 x
， x
早 a
知道 v
還 x
不如 c
住 v
錦江 x
。 x
早餐 n
味道不好 i
， x
品種 x
少 a
。 x
超 v
難吃 x
。 x
我 r
住 v
的 uj
528 m
元 m
的 uj
房間 x
。 x
完全 ad
談不上 x
性價比 x
。 x
我 r
不會 x
再 d
選擇 x
這裡 r
了 ul
。 x"
25,環境,,"設施 x
陳舊 x
， x
看上去 v
不 d
乾淨 x
。 x
在 p
攜程 x
訂 v
的 uj
酒店 n
中 f
， x
這間 x
的 uj
感覺 x
最 d
不好 d
。 x"
26,環境	服務,,"訂 v
的 uj
2 m
個 m
房間 x
由於 x
一間 x
空調 x
是 v
壞 a
的 uj
， x
還生 v
了 ul
霉 n
， x
問 zg
服務員 x
說 zg
沒有 x
其他 r
房間 x
了 ul
， x
讓 x
我們 x
去 v
退房 v
。 x
於是 x
到 v
了 ul
前台 n
退房 v
。 x
第二天 m
攜程 x
客服 n
電話 x
說 zg
我們 x
訂 n
2 m
間 f
只 d
住 v
了 ul
一間 x
， x
要 v
扣掉 v
另 r
一間 x
的 uj
錢 n
( x
用 p
信用卡 n
擔保 x
過 zg
) x
。 x
我 r
說 v
是 v
房間 x
的 uj
問題 x
才 d
退 v
的 uj
， x
去 v
找 v
酒店 n
負責人 x
理論 x
， x
負責人 x
說 v
我 r
不管 c
， x
你們 x
只 d
住 v
了 ul
一間 x
， x
不管 c
退 v
的 uj
那間 r
。 x
我 r
說 v
是 v
服務員 x
讓 v
我 r
退 v
的 uj
， x
他 r
說 v
服務員 x
說 zg
的話 x
無效 x
。 x
那個 x
態度 x
。 x
。 x
。 x
於是 x
， x
， x
， x
後面 x
多少 m
波折 vn
， x
， x
， x
， x
哎 e
， x
差點 x
誤 v
了 ul
回 v
北京 ns
的 uj
車 n
還好 x
攜程 x
大度 n
， x
調查 x
清楚 a
後 nr
免扣 v
了 ul
多一間 x
房間 x
的 uj
錢 n"
27,,餐廳	服務,"離開 x
該 x
酒店 n
差不多 l
一個月 x
了 ul
， x
但 c
還是 x
想 v
說 v
幾句 x
： x
到達 x
時 zg
已經 x
很 zg
晚 tg
， x
就 d
在 p
店 n
內 f
的 uj
餐廳 x
吃晚飯 x
， x
其間 x
順便 x
問 zg
第二天 m
能否 v
在 p
五點鐘 x
吃 v
上 f
早飯 x
， x
服務員 x
客氣 x
地 uv
告訴 x
我 r
雖然 x
餐廳 x
那時 x
還 d
沒 v
開門 x
， x
但 c
她們 x
可以 c
安排 v
送餐 v
到 v
房間 x
。 x
第二天 m
早上 t
五點 x
三十五分 m
， x
豐盛 x
的 uj
早餐 n
果然 d
送到 v
房間 x
， x
還 x
道歉 v
晚 tg
了 ul
五分鐘 x
。 x
我 r
真 d
得 ud
很 d
感動 x
！ x
雖然 x
只是 c
短短的 z
一 m
晚 tg
， x
可以 c
清楚 a
地 uv
感到 v
店家 n
的 uj
工作人員 x
在 p
用心 n
去 v
工作 vn
！ x
鼓勵 x
一下 m
！ x"
28,,交通	價格,"熱水 x
系統 x
及 c
浴室 n
排水系統 x
比較 x
糟糕 a
, x
水 n
冷熱 x
很 d
難 a
調節 x
, x
不是 c
太冷 ns
就是 d
過 ug
燙 v
, x
洗完 v
澡 n
浴室 n
就是 d
一地 s
的 uj
水 n
. m
其他 r
還 x
可以 c
, x
地理位置 n
很 zg
不錯 x
, x
相對 x
房價 x
比較 x
吸引 v
人 n"
29,,環境	交通,"離 zg
火車站 x
、 x
長途汽車站 x
很 d
近 a
， x
打車 x
起價 x
就 d
到 v
（ x
五分鐘 x
內 zg
） x
， x
樓下 x
有 v
24 m
小時 x
營業 x
的 uj
麥當勞 x
（ x
點 m
餐 ng
可 v
免費送 x
至 p
房間 x
） x
， x
出 v
大門 x
往 p
左 m
便是 v
平原 ns
商場 x
， x
其 r
對面 x
是 v
影劇院 x
。 x"
30,環境	服務	餐廳,,"定 v
的 uj
行政 n
房間 x
正 d
對 p
雜物間 x
, x
們 zg
一直 d
敞著 v
, x
別提 x
多 m
髒亂 x
. x
要求 v
換房 x
後 nr
, x
房間 x
空調 x
不 d
製冷 x
, x
冰箱 n
向 p
推土機 x
, x
要求 v
再 d
換 v
, x
門口 x
樓道 x
鋪 v
了 ul
塊 q
巨大 a
髒 yg
布 v
, x
因為 c
隔壁 s
在 p
裝修 x
, x
不知 v
攜程 x
和 c
這個 x
酒店 n
有 v
什麼 x
過節 x
, x
總 zg
感覺 x
是 v
在 p
故意 d
讓 v
你 r
難受 x
, x
另外 c
所有 b
房間 x
的 uj
電話 x
沒有 x
內線 x
指示 v
, x
竟 d
讓 v
客人 n
用 p
長途 x
打 v
回 v
酒店 n
轉接 x
, x
我 r
靠 v
! x
還有 x
五星級 x
的 uj
小姐 nr
怎麼 x
那麼 x
.. m
真是 d
影響 x
北京 ns
市容 n
和 c
奧運 x
的 uj
和諧 x
環境 x
, x
房間 x
的 uj
餐廳 x
送餐 v
味道 n
會 v
叫 v
你 r
吐出來 x
的 uj
. m
這 r
是 v
本人 r
目前 t
住 v
過 ug
的 uj
最讓人 x
"" x
難忘 x
的 uj
"" x
酒店 n
. x
這些 x
話 x
本人 r
已經 x
在 p
克制 v
了 ul
. m"
31,價格,,"怎麼 x
說 v
呢 y
...... m
這 r
也 d
叫 v
三星 nz
？ x
比較 x
像 v
招待所 n
， x
還有 x
， x
井岡山 x
的 uj
東西 x
那 r
可不是 c
一般 a
的 uj
貴 n
！ x
！ x
！ x
！ x
！ x
！ x"
32,環境,交通	價格,"這個 x
賓館 x
就 d
在 p
王府井 nr
步行街 n
旁 f
. m
地點 x
相當 x
好 a
. m
價格 x
也 d
算 v
優惠 x
. m
但 c
原本 n
預定 x
住 v
5 m
天 n
, x
結果 x
第二天 m
就 d
退房 v
了 ul
. m
因為 c
該 r
賓館 x
的 uj
空調 x
竟然 d
停用 v
. x
原因 n
是 v
北京市 ns
的 uj
供暖系統 x
已經 x
停用 v
. x
後來 x
和 c
其他 r
飯店 x
求證 x
才 d
知道 v
是 v
胡扯 v
... m
害 v
我 r
度過 x
了 ul
一個 x
寒冷 a
的 uj
北京 ns
之 u
夜 tg
. m"
33,環境,服務,"比較 x
老 a
的 uj
飯店 x
， x
房間 x
等 u
設施 x
也 d
比較 x
老 a
， x
服務 x
還是 x
可以 c
的 uj"
34,餐廳	環境,,"應該 x
不是 c
我 r
第一次 m
評價 x
這個 x
酒店 n
了 ul
， x
沒 zg
辦法 x
再次 d
補充 x
如下 t
： x
1 x
、 x
早餐 n
真是 d
超級 x
垃圾 n
， x
做 v
得 ud
真的 d
感覺 x
和 c
豬食 x
差不多 l
， x
不 d
知道 v
請 v
的 uj
什麼 x
廚師 x
？ x
2 x
、 x
仍然 d
是 v
早餐 n
的 uj
問題 x
， x
在 p
大堂 n
旁 f
的 uj
一個 x
好像 v
是 v
叫 v
『 x
瑪格麗特 x
的 uj
』 x
西餐廳 x
； x
1 x
> x
光線 x
特別 x
不好 d
， x
誰 r
都 d
希望 v
早上 t
起來 x
有個 r
明亮 a
的 uj
環境 x
用餐 n
， x
但 c
這裡 r
肯定 v
不是 c
； x
2 x
> x
給 zg
食品 n
加溫 x
的 uj
不是 c
電熱 x
式 k
， x
採用 x
的 uj
是 v
燃燒 x
臘來 t
加熱 x
/ x
保溫 x
， x
弄 v
得 ud
餐廳 x
裡面 f
很濃 x
的 uj
一股 m
臘 x
燃燒 x
後 nr
的 uj
氣味 x
， x
讓 v
人 n
感覺 x
非常 d
不好 d
； x
3 x
、 x
真不知道 i
這樣 x
的 uj
酒店 n
怎麼樣 x
就 d
能夠 x
評上 v
4 m
星 n
？ x
哎 e
。 x
。 x
。 x"
36,環境	價格,,"太 d
一般 a
了 ul
， x
比 p
他 r
原來 x
辦 v
的 uj
如家 r
要略 n
差些 d
！ x
另外 c
， x
一樓 x
手機 x
是 v
沒有 x
信號 x
的 uj
， x
不 d
知道 v
其它 r
樓層 x
怎麼樣 x
？ x
對 p
不 v
熟悉 v
成都 ns
的 uj
人 n
來說 x
對 p
會 v
， x
不過 x
後來 x
得知 v
成都 ns
有 v
許多 x
產權 x
式 k
公寓 n
酒店 n
， x
才 d
138 m
, x
比 p
它 r
強多 v
了 ul
！ x"
39,環境	服務	餐廳,,"早餐 n
有時 x
8 m
點 m
結束 x
， x
刷卡 n
不 d
方便 a
， x
還要 x
壓 zg
現金 x
， x
房間 x
打掃 x
不 d
及時 x"
40,,服務	交通,"很好 a
的 uj
一家 m
酒店 n
哦 zg
， x
以後 x
還 d
會 v
去 v
呢 y
！ x
交通 n
方便 a
， x
服務 x
好 a
， x
不錯 x
不錯 x"
41,環境,服務,"服務 x
很 d
好 a
， x
按 p
服務中心 x
按鈕 x
， x
提出 v
自己 r
的 uj
需求 v
， x
很快 d
就 d
有人 r
對應 x
。 x
不足 a
是 v
： x
房間 x
有些 r
小 a
， x
房子 n
有些 r
舊 x"
42,,交通,"設施 x
有點 x
老化 n
了 ul
， x
但 c
畢竟 x
是 v
鬧中取靜 x
的 uj
地方 n
！ x
洗漱 v
用 p
的 uj
東東 x
配 v
的 uj
挺 v
齊全 x
的 uj
！ x"
43,環境,,"特價 x
房 n
非常 d
小 a
四步 m
走 v
到 v
房間 x
牆角 x
基本 n
是 v
用 p
不 v
隔音 n
的 uj
板材 n
隔出來 x
的 uj
隔壁 s
的 uj
電視 x
聲音 x
還有 x
臨近 x
房間 x
夜晚 t
男女 n
做事 v
的 uj
呻吟 v
和 c
同浴 v
的 uj
聲音 x
都 d
能 v
很 d
清楚 a
的 uj
聽見 x
簡直 x
就是 d
網友 x
見面 x
的 uj
炮房 n
房間 x
裡 zg
空氣質量 x
很 d
差 a
且 c
無法 x
通過 x
換氣 x
排出 v
攜程 x
價格 x
與 zg
門市價 x
相同 d
主要 b
考慮 x
辦事 x
地點 x
在 p
附近 f
才 d
去 v
住 v
的 uj"
44,環境	服務	交通	餐廳,,"酒店 n
離 zg
江門市 x
中心 n
很遠 x
， x
光 n
打 v
的士 n
就要 d
25 m
元 m
！ x
酒店 n
內 f
的 uj
萊茵 x
西餐廳 x
服務 x
非常 d
差 a
： x
喝 vg
的 uj
水 n
有 v
異味 x
， x
點 m
的 uj
三個 x
菜 n
有 v
兩個 x
聲稱 x
沒有 x
食材 n
（ x
鮮蝦 x
帶子 x
拼盤 x
： x
女 b
侍應 x
說 zg
帶子 x
不 d
新鮮 x
不敢 d
上 f
； x
『 x
番茄 n
炒 v
牛肉 n
』 x
： x
女 b
侍應 x
說 v
此 r
牛肉 n
沒有 x
， x
但 c
生炒 v
牛肉 n
飯 x
， x
牛扒 nr
卻 d
有 v
） x
， x
非 h
要 v
顧客 x
改點 x
其他 r
較貴 a
的 uj
菜式 n
。 x
什麼 x
此 zg
牛肉 n
非彼 ns
牛肉 n
， x
明擺 x
著 n
就是 d
說謊 x
！ x
而且 c
女 b
侍應 x
的 uj
態度 x
絕對 x
不敢恭維 x
， x
取消 v
時 zg
動作 x
比 p
我們 x
還 d
快 a
， x
還要 x
我們 x
看 v
臉色 x
！ x
客房 n
： x
其中 r
一張 x
被子 n
正面 ad
有 v
破洞 n
， x
翻過來 x
還有 x
破洞 n
， x
並 zg
伴有 v
污點 x
！ x
熱水 x
壺 q
已 d
壞 a
， x
不能 v
正常 d
水沸 v
斷電 x
。 x
浴室 n
一 m
開始 x
沒有 x
熱水 x
， x
工人 n
整修 v
一段時間 x
後 nr
終於 x
供應 x
上 f
， x
但 c
水 n
竟是 d
? x
黃色 x
的 uj
， x
讓 x
我們 x
放水 v
好長時間 x
才 d
敢 v
洗澡 v
！ x
又 d
是 v
一件 m
讓 v
人 n
心寒 n
的 uj
事 n
！ x
晚上 t
睡覺 x
還有 x
蚊子 n
騷擾 x
! x
為 zg
什麼 x
2005 m
年 m
開業 x
的 uj
四星級 x
酒店 n
會 v
有 v
如此 c
現象 x
？ x
？ x
本來 x
我們 x
是 v
要 v
去 v
休息 v
一下 m
的 uj
， x
沒想到 x
積 v
了 ul
一肚子氣 x
！ x"
45,,服務,"我 r
訂 v
的 uj
是 v
貴賓樓 x
標間 n
( x
根據 x
前人 n
評語 x
篩選 x
) x
, x
最大 a
特點 x
是 v
服務 x
細節 x
考慮 x
得 ud
很 d
周到 v
, x
送 v
水果 n
、 x
晚報 x
、 x
餐巾 n
盒 q
， x
甚至 d
連 zg
浴缸 n
前 f
的 uj
墊腳 x
毛巾 nr
都 d
鋪 v
好 a
了 ul
。 x
特別 x
提示 v
： x
因 p
該 r
酒店 n
貴賓樓 x
標間 n
靠近 v
馬路 x
， x
所以 c
房間 x
分 v
雙層 x
隔音 n
玻璃房 n
和 c
單層 x
隔音 n
玻璃房 n
， x
如果 c
你 r
對於 x
噪音 n
比較 x
敏感 a
， x
建議 x
預定 x
雙層 x
隔音 n
玻璃房 n
。 x"
46,,環境,"就是 d
隔音 n
比較 x
差 a
， x
房間 x
外人 n
說話 x
一清二楚 l
。 x
其他 r
都 d
可以 c
， x
在 p
贛州 x
都 d
敢 v
有 v
什麼 x
奢求 n
了 ul"
48,,餐廳	交通,"1. m
酒店設施 x
比較 x
舊 a
2. m
早餐 n
還是 x
秉持 v
較高 a
的 uj
水平 n
3. m
臨近 x
醫院 x
4. m
如果 c
有 v
條件 x
可以 c
入住 v
同一個 x
集團 x
下 f
的 uj
就 d
在 p
旁邊 x
的 uj
洲際 x
酒店 n"
49,,環境	服務	價格	餐廳,"目前 t
是 v
新昌 ns
最好 a
的 uj
酒店 n
， x
環境 x
和 c
服務質量 x
都 d
非常 d
好 a
， x
國內 x
長度 x
免費 x
和 c
免費 x
寬帶 x
還是 x
蠻 d
有 v
吸引力 n
的 uj
， x
離 zg
大佛寺 nz
僅 zg
咫尺之遙 x
， x
太 d
方便 a
了 ul
補充 x
點評 x
2008 m
年 m
5 m
月 m
4 m
日 m
： x
酒店 n
一樓 x
中餐廳 x
內 f
的 uj
白斬雞 x
和 c
水庫 x
剁 v
椒 ng
魚頭 x
是 v
不能不 d
嘗 v
的 uj
？ x
住 v
了 ul
兩 m
晚 tg
， x
吃 v
了 ul
兩餐 x
。 x
特色 n
的 uj
芋餃 n
和 c
面 n
我 r
看 v
並不一定 x
適合 x
上海 ns
人 n
的 uj
口味 n
。 x"
50,,環境	服務,"服務 x
還 x
可以 c
， x
房間 x
好 a
， x
888888888888888888888888 m"
51,環境	服務	價格,餐廳,"酒店 n
服務 x
人員 x
的 uj
服務 x
素質 x
有待 v
提高 v
, x
和 c
入住 v
的 uj
房價 x
明顯 x
不 d
成正比 nr
, x
我 r
入住 v
的 uj
房間 x
床單 n
上 f
有 v
血漬 x
, x
服務 x
人員 x
居然 d
推托 v
說 zg
血漬 x
是 v
濕 a
的 uj
, x
言下之意 i
是 v
我們 x
自己 r
弄 v
上去 t
的 uj
, x
標房 n
裡 f
沒有 x
冰箱 n
和 c
浴袍 n
, x
服務 x
人員 x
說 v
因為 c
房間 x
從 zg
攜程 x
訂 v
的 uj
, x
便宜 a
, x
意思 n
不要 df
計較 x
, x
晚上 t
燒水 x
突然 ad
斷電 x
, x
服務 x
人員 x
又 d
說 v
是 v
我們 x
用 p
了 ul
2 m
個 m
熱水 x
機 x
燒水 x
導致 x
的 uj
. m
但 c
溫泉 x
區 n
的 uj
服務 x
人員 x
態度 x
很 d
好 a
, x
與 zg
酒店 n
服務 x
人員 x
的 uj
態度 x
有著 v
天壤之別 x
, x
建議 x
會員 x
們 k
只 d
去 v
泡溫泉 x
, x
不要 df
入住 v
酒店 n
. x
早飯 x
還 x
可以 c
, x
以 p
中餐 n
為 p
主 b"
54,交通,環境	服務	價格,"服務 x
總體 x
很 d
好 a
， x
通過 x
房間 x
電話 x
可以 c
方便 a
得到 v
服務 x
， x
價格 x
有 v
一定 d
競爭力 x
。 x
有 v
一點 x
遺憾 x
： x
酒店 n
處 x
打車 x
不是 c
很 zg
方便 a
； x
同時 x
酒店 n
取消 v
了 ul
機場 x
BUS eng
， x
客人 n
多少 m
有些 r
不 d
方便 a
。 x"
56,環境	服務,,"預定 x
中午 t
12 m
點 m
入住 v
， x
中午 t
11 m
點 m
半左右 m
到 v
， x
告知 v
房間 x
正在 t
清理 a
。 x
心想 n
， x
清理 a
房間 x
能 v
用 p
多少 m
時間 x
呀 y
， x
於是 x
耐心 a
等待 v
。 x
哪知 l
， x
12 m
： x
30 m
再次 d
詢問 x
房間 x
仍然 d
沒有 x
清理 a
好 a
， x
急 v
了 ul
催問 v
到底 d
幾時 x
可以 c
入住 v
， x
告知 v
40 m
分鐘 x
以後 x
， x
差點 x
暈倒 x
。 x"
58,價格,,"就算 v
是 v
在 p
上海 ns
也 d
是 v
非常 d
好 a
的 uj
酒店 n
哦 zg
， x
雖然 x
價格 x
高 a
， x
不過 x
個人感覺 x
對得起 x
這個 x
價格 x
， x
這次 x
非常 d
遺憾 x
， x
來 zg
黃山 x
什麼 x
都 d
沒有 x
看到 v
， x
下次 t
肯定 v
會 zg
再來 x
， x
而且 c
下次 t
肯定 v
也 d
是 v
住 v
北海 ns
啦 y
！ x
！ x
！ x
！ x"
59,環境	服務,,"酒店設備 x
很 zg
陳舊 x
， x
浴室 n
設備 x
也 d
壞掉 x
， x
服務 x
也 d
很 d
差 a
。 x
因為 c
到 v
的 uj
比較 x
晚 tg
， x
入住 v
已經 x
差不多 l
11 m
點鐘 x
了 ul
， x
家裡 s
人 n
打電話 x
來 zg
酒店 n
， x
酒店 n
總機 x
也 d
是 v
特別 x
沒 zg
禮貌 x
的 uj
掛 v
電話 x
。 x
因為 c
經常 x
出差 v
， x
這 zg
基本上 n
是 v
住 v
過 ug
最差 a
的 uj
酒店 n
了 ul
。 x"
60,環境	價格,,"攜程 x
價格 x
360 m
元 m
/ x
間 zg
， x
我 r
看到 v
同時 x
結帳 x
的 uj
其他 r
客人 n
是 v
298 m
元 m
。 x
攜程 x
告訴 x
我 r
是 v
四星 nz
， x
我 r
看到 v
的 uj
是 v
比 p
錦江 x
之 u
星 n
更 d
糟糕 a
的 uj
房間 x
， x
電梯間 x
油漆 n
剝落 x
， x
浴室 n
不 d
? x
鋼管 x
? x
了 ul
， x
肯定 v
是 v
沒有 x
星級 x
的 uj
。 x
地方 n
也 d
在 p
一個 x
弄堂 n
裡 zg
。 x
我 r
住 v
的 uj
是 v
1512 m
房間 x
。 x
唯一 b
多 m
的 uj
是 v
韓國 x
人 n
進出 x
頻繁 x
。 x
建議 x
攜程 x
與 p
該 r
酒店 n
好好 d
交涉 v
。 x
我 r
是 v
已經 x
和 c
大堂 n
投訴 x
過 ug
了 ul
， x
這樣 x
的 uj
房間 x
是 v
根本 a
不值 n
360 m
元 m
的 uj
價錢 x
的 uj
。 x
攜程 x
應 x
到 v
酒店 n
實地 x
勘查 vn
後 nr
再 d
向 p
客人 n
推薦 x
。 x"
61,環境	價格,,"照片 n
與 zg
事實 x
不符 v
， x
房間 x
太小 n
， x
昆山 ns
實際上 x
有 v
很多 m
酒店 n
比 p
這個 x
好 a
， x
價格 x
也 d
更 d
便宜 a
， x
攜程 x
的 uj
價格 x
在 p
該 r
酒店 n
無 zg
優勢 x
。 x"
63,服務	價格,,"相對 x
於 nr
這種 x
酒店 n
, x
房價 x
應該 x
算 v
非常 d
貴 a
的 uj
, x
而且 c
還有 x
旁邊 x
的 uj
樓 n
在 p
施工 vn
. x
早上 t
4 m
點 m
多 m
鐘 n
就 d
開始 x
幹活 x
. m
吵 v
的 uj
人 n
睡 v
不好 d
, x
更 d
可氣 x
的 uj
是 v
Checkin eng
的 uj
時候 x
服務員 x
不 d
告訴 x
你 r
. m
賓館 x
反饋 x
2008 m
年 m
5 m
月 m
5 m
日 m
： x
首先 d
非常 d
感謝您 x
入住 v
我們 x
酒店 n
。 x
對 p
在 p
您 r
入住 v
海景房 n
期間 x
所 c
遇到 v
的 uj
工程 n
噪音 n
我們 x
感到 v
非常 d
抱歉 v
。 x
由於 x
酒店 n
旁 f
有 v
一幢 m
商品房 n
在 p
趕工期 x
， x
所以 c
給 p
您 r
的 uj
睡眠 v
帶來 x
了 ul
影響 x
， x
我們 x
一定 d
盡量 d
與 p
施工單位 x
聯繫 x
， x
要求 v
他們 x
規範 x
工作 vn
時間 x
。 x
同時 x
希望 v
您 r
能 v
再次 d
入住 v
我們 x
酒店 n
。 x
最後 x
再次 d
對 p
您 r
的 uj
遭遇 n
感到 v
抱歉 v
。 x"
65,環境	服務,,"該 x
酒店 n
太差 n
， x
衛生條件 x
， x
服務 x
均差 a
。 x
我 r
入住 v
時 zg
大堂 n
內 zg
竟然 d
散放 v
著待 v
洗 v
的 uj
床單 n
毛巾 nr
， x
亂七八糟 x
， x
建議 x
協 x
程網 x
取消 v
其 r
加盟 ns
資格 x"
67,環境	服務,,"非常 d
不滿 x
這 zg
酒店 n
， x
配不上 v
5 m
星 n
。 x
第一 m
, x
客房 n
服務員 x
沒有 x
水平 n
, x
房卡 n
出 v
問題 x
， x
叫 v
了 ul
20 m
分鐘 x
仍 zg
沒有 x
人 n
出來 x
開門 x
。 x
第二 m
, x
電 n
掣 v
跳閘 x
.. m
也 d
等 u
了 ul
15 m
分鐘 x
才 d
有人 r
上來 x
。 x
第三 m
, x
服務員 x
沒有 x
禮貌 x
, x
說話 x
太不像話 x
, x
前台 n
也 d
有些 r
接待 v
人員 x
完全 ad
不 d
懂 v
操作 v
。 x
第四 m
, x
也 d
就是 d
最 d
不 d
滿意 x
的 uj
, x
就是 d
身為 v
5 m
星級 x
的 uj
酒店 n
， x
門口 x
那些 r
出租車 x
司機 x
胡亂 x
開價 x
, x
我們 x
就 d
像 v
水魚 n
被 p
人 n
宰 v
... m
我們 x
說 zg
開價 x
太貴 x
, x
他們 x
竟然 d
說 v
從 p
5 m
星級 x
出來 x
, x
討價還價 x
, x
會 zg
影響 x
我們 x
身份 n
.. m
這 r
是 v
什麼 x
道理 n
? x
害 v
得 ud
我們 x
找 v
不到 v
車 n
... m
這 r
是 v
我 r
住 v
的 uj
第一次 m
遇到 v
這樣 x
的 uj
5 m
星級 x
酒店 n
, x
出現 x
這樣 x
沒有 x
水平 n
的 uj
配套 a
。 x
垃圾 n
........... m
補充 x
點評 x
2007 m
年 m
12 m
月 m
10 m
日 m
： x
還有 x
床 n
太不像話 x
了 ul
， x
睡 v
的 uj
時候 x
床墊 n
竟然 d
可以 c
感覺 x
到 v
彈簧 x
的 uj
鐵絲 x
… x
睡 v
得 ud
很 d
不 d
舒服 a"
68,環境	價格,,"很 zg
一般 a
， x
住 v
的 uj
是 v
一樓 x
的 uj
房間 x
， x
窗戶 x
後面 x
一堵 m
牆 x
， x
只 d
看到 v
窗 ng
和 c
牆 n
之間 x
的 uj
一堆 m
垃圾 n
。 x
房間 x
的 uj
隔音 n
不好 d
， x
樓上 x
飲水機 x
的 uj
聲音 x
都 d
能 v
聽到 x
， x
房間 x
裡 zg
飲水機 x
的 uj
聲音 x
更 d
響 v
， x
不 d
關 zg
無法 x
入睡 v
。 x
最 d
過分 x
的 uj
是 v
， x
住 v
了 ul
兩天 x
， x
每天 r
早上 t
起床 v
， x
最先 d
看到 v
的 uj
， x
就是 d
小強 x
在 p
牆邊 x
爬 v
， x
太 d
噁心 x
了 ul
。 x
賓館 x
商務中心 x
的 uj
電腦 x
上網 x
是 v
10 m
元 m
/ x
小時 x
， x
還 x
打不開 x
網頁 x
。 x
總之 x
， x
整體 x
印象 n
不好 d
。 x
還有 x
提醒 v
大家 n
一點 x
， x
賓館 x
用餐 n
的話 x
， x
餐費 x
是 v
另外 c
開 zg
餐飲 x
發票 x
的 uj
， x
不 d
和 c
房費 x
開 zg
在 p
一起 m
的 uj
。 x"
71,環境	服務,,"服務態度 x
不好 d
， x
極差 x
， x
前台 n
態度惡劣 x
， x
房間 x
衛生 x
不 d
乾淨 x
， x
誣陷 x
客人 n
照成 v
， x
要求 v
客人 n
賠償 x"
72,環境,服務,"很 zg
一般 a
的 uj
四星級 x
酒店 n
. x
環境 x
不錯 x
. x
房間 x
實在 x
不怎麼樣 x
. x
服務 x
還行 v
. m"
73,環境,交通,"我 r
在 p
網站 x
上 f
預定 x
的 uj
是 v
一間 x
大床 nz
房 n
, x
到 v
CHECKIN eng
的 uj
時候 x
變成 x
了 ul
雙人房 x
, x
雖然 x
後來 x
給 p
我 r
調換 x
了 ul
. m
酒店 n
地理位置 n
不錯 x
, x
門口 x
時 zg
高速 d
和 c
輕軌 x
. m
但 c
酒店 n
的 uj
房間 x
整理 n
裝修 x
時 zg
非常 d
的 uj
差 n
, x
非常 d
的 uj
陳舊 x
, x
完全 ad
對不住 x
這個 x
房價 x
! x
! x
! x
! x
! x
以後 x
也 d
不會 x
住 v
這個 x
酒店 n
了 ul
! x"
74,,環境	服務	價格	餐廳,"剛 d
從 p
無錫 x
回來 x
, x
住 v
了 ul
該 r
酒店 n
二號樓 x
328 m
YUAN eng
的 uj
, x
總體 x
感覺 x
如下 t
; x
房間 x
乾淨 x
, x
配製 x
齊全 x
還有 x
液鏡 n
電腦 x
; x
飯菜 x
可口 v
且 zg
不是 c
很 zg
貴 x
; x
最 d
值得稱讚 x
的 uj
是 v
服務 x
水準 x
, x
老公 nr
粗心大意 i
把 p
手機 x
掉 v
了 ul
, x
工作人員 x
撿 v
後 nr
馬上 x
送回 v
, x
讚 y
了 ul
! x
飯店 x
的 uj
員工 x
幾乎 x
都 d
是 v
笑臉相迎 x
, x
很 zg
難得 x
, x
單 d
從 p
這點 x
就 d
間接 x
提升 v
了 ul
入住 v
該 x
飯店 x
的 uj
理由 n
! x"
76,環境	服務,,"服務 x
很 d
差 a
, x
房間 x
供暖 v
不足 a
。 x
換 v
啦 y
兩次 x
房間 x
才 d
行 v
。 x
態度惡劣 x
。 x
新 a
房間 x
床上 n
有 v
別人 x
的 uj
毛髮 x
。 x
叫 v
服務員 x
換 v
還 d
很 d
不 d
高興 x
。 x"
77,環境	服務	交通,,"水籠頭 x
沒壞 v
， x
但是 c
破到 v
你 r
無法 x
想像 v
， x
水流 n
很 zg
細 zg
。 x
剛 zg
入住 v
發現 x
房間 x
還有 x
上 f
一位 m
客人 n
的 uj
東西 x
。 x
服務員 x
打掃 x
房間 x
後 nr
， x
大 a
晚上 t
又 d
來 v
敲門 x
， x
說 v
是 v
自己 r
的 uj
東西 x
拉 v
房間 x
了 ul
。 x
講話 x
還 d
很 d
大聲 x
， x
房間 x
又 d
臨街 x
， x
吵 v
的 uj
要死 v
。 x
補充 x
點評 x
2007 m
年 m
11 m
月 m
26 m
日 m
： x
登 v
記時 x
刷卡 n
， x
結果 x
不是 c
預 zg
授權 x
， x
直接 ad
刷 zg
消費 x
， x
可錢 v
的 uj
數目 x
還是 x
押金 n
數額 x
不是 c
實際 x
住店 n
金額 x
。 x
結帳 x
走 v
人 n
時 ng
， x
前台 n
拿著 v
我 r
的 uj
卡 n
東刷西 n
刷上 v
刷下 v
刷 zg
， x
10 m
分鐘 x
後 nr
告訴 x
我 r
不是 c
這 r
張卡 nr
。 x
我 r
說 v
我 r
的 uj
卡 n
和 c
我 r
的 uj
記性 x
沒 zg
問題 x
， x
你 r
讓 v
領班 x
弄 v
。 x
又 d
過 ug
了 ul
十分鐘 x
， x
領班 x
來 zg
搞定 v
了 ul
。 x
酒店 n
硬件 n
不行 v
， x
服務 x
軟件 x
也 d
差 a
死 v
了 ul
。 x"
78,環境	服務	餐廳,,"嚴重 x
的 uj
名不副實 x
， x
所謂 x
的 uj
准 v
四星級 x
差距 n
太 d
大 a
。 x
入住 v
豪華 x
大 a
床間 n
， x
房間 x
小 a
的 uj
只有 c
一張 x
床 n
的 uj
位置 v
， x
衛生間 x
小 a
的 uj
淋浴 n
空間 x
甚至 d
轉 v
不 d
開身 v
。 x
房屋 n
隔音 n
太差 n
， x
隔壁 s
兩 m
人 n
說話 x
的 uj
聲音 x
清晰 a
入耳 v
， x
樓道 x
中 f
服務員 x
交談 x
的 uj
聲音 x
遠遠 x
就 d
能 v
聽到 x
。 x
餐廳 x
小 a
強橫 x
跑 v
， x
哪兒 x
還有 x
心情 n
吃得下 l
去 v
？ x
這兒 x
根本 a
就 d
不是 c
個 zg
酒店 n
， x
感覺 x
像是 v
KTV eng
改造 v
的 uj
， x
不行 v
不行 v
， x
太差 n
了 ul
！ x"
79,,環境	交通	價格	服務,"房間 x
很 d
好 a
， x
位置 v
離 zg
地鐵站 x
很 d
近 a
。 x
服務 x
也 d
很 d
好 a
。 x
價錢 x
公道 n
。 x
大廳 x
經理 x
， x
副理 n
都 d
很 d
好 a
。 x"
80,環境	交通	服務,,"真是 d
非常 d
的 uj
不爽 a
， x
本來 x
來 zg
慈溪 nrt
很 zg
喜歡 x
住 v
這裡 r
的 uj
。 x
因為 c
這次 x
來 v
的 uj
時候 x
沒有 x
帶 zg
本本 n
， x
所以 c
住 v
了 ul
行政 n
雙人間 x
， x
6 m
樓 n
真的 d
是 v
太差 n
了 ul
！ x
！ x
！ x
！ x
！ x
晚上 t
房間 x
溫度 x
有 v
29 m
度 q
， x
空調 x
竟然 d
不 d
開 zg
！ x
！ x
！ x
窗戶 x
打開 x
， x
對著 v
外面 f
就是 d
一個 x
汽車 x
貨運站 x
！ x
跟前 f
台 q
說換 v
一下 m
房間 x
， x
竟然 d
直接 ad
說 zg
， x
另一面 c
就是 d
馬路 x
！ x
！ x
都 d
是 v
很 d
吵 v
！ x
！ x
真的 d
是 v
太太 n
失望 v
了 ul
.... m
換 nz
， x
堅決 x
換 zg
， x
下次 t
肯定 v
不住 v
的 uj
了 ul
。 x
補充 x
點評 x
2007 m
年 m
5 m
月 m
16 m
日 m
： x
實在 x
沒有 x
辦法 x
， x
共 n
2 m
間 f
住 v
了 ul
2 m
天 n
， x
真的 d
想 v
連評 v
4 m
次 t
， x
都 d
給 p
個 m
1 m
分 v
， x
太 d
氣憤 x
了 ul
！ x
！ x
破 v
網絡 x
也 d
是 v
一塌糊塗 x
。 x"
83,環境,服務,"這 r
是 v
物有所值 l
的 uj
三星級 x
酒店 n
, x
設施 x
齊全 x
包括 v
洗浴 v
間小 b
毛巾 nr
/ x
吹風機 x
等 u
, x
房屋 n
裝修 x
新 a
. m
服務態度 x
好 a
如 v
前台 n
微笑服務 x
好 a
. m
位於 x
市中心 n
但是 c
臨街 x
道 q
而 c
喧鬧 x
, x
房間 x
隔音 n
效果 n
不好 d
. x
早餐 n
一般 a
. x
補充 x
點評 x
2007 m
年 m
9 m
月 m
4 m
日 m
： x
房屋 n
價格 x
適中 x
, x
但是 c
協程 n
預定 x
沒有 x
價格優勢 x
, x
該 x
酒店 n
前台 n
價格 x
與 p
協程 n
一樣 x
. x"
84,環境	服務	價格,,"這 r
是 v
我 r
住 v
過 ug
的 uj
最差 a
的 uj
酒店 n
。 x
入住 v
的 uj
時候 x
房卡 n
搞錯 x
， x
明明 t
只要 c
440 m
（ x
這個 x
價格 x
我 r
也 d
就 d
不 d
說 v
了 ul
， x
根本 a
不值 n
） x
的 uj
房費 x
， x
居然 d
要 v
3 m
倍 m
的 uj
押金 n
。 x
做 v
了 ul
預 v
授權 x
然後 x
居然 d
結帳 x
的 uj
時候 x
說 v
沒 d
做 v
， x
要 v
我 r
付現 x
， x
後來 x
才 d
翻出 v
單 n
據說 x
沒 zg
看到 v
。 x
結帳 x
用 p
了 ul
20 m
分鐘 x
， x
而且 c
就 d
我 r
一個 x
在 p
結帳 x
。 x
索要 d
發票 x
說 zg
只有 c
整數 x
（ x
和 c
餐館 x
的 uj
一樣 x
， x
而 c
沒有 x
機打 n
的 uj
） x
而 c
不 d
給 p
小額 x
。 x
最後 x
很 d
不 d
情願 x
地 uv
多給 v
了 ul
些 q
（ x
也 d
不是 c
我 r
想要 v
的 uj
） x
房間 x
就 d
更 d
一無是處 x
， x
沒 zg
網絡 x
， x
小姐 nr
電話 x
每 zg
半小時 x
響 x
一次 m
， x
根本 a
不讓 x
你 r
睡覺 x
（ x
後來 x
我 r
拔 v
了 ul
電話線 x
） x
， x
暖氣 x
燒到 v
29 m
度 q
， x
而且 c
沒法 x
調節 x
， x
在 p
外面 f
－ x
22 m
度 q
的 uj
情況 x
下開 v
了 ul
窗 s
還是 x
熱 zg
。 x
真 d
想不通 l
攜程 x
怎麼 x
能 v
推薦 x
這樣 x
的 uj
酒店 n
， x
滿洲 x
裡 zg
酒店 n
其實 x
不少 d
。 x
我 r
是 v
攜程 x
的 uj
鑽石 x
會員 x
， x
但是 c
下次 t
去 v
滿洲 x
裡 f
我 r
再也不會 x
訂 x
攜程 x
的 uj
酒店 n
了 ul
！ x
千萬別 x
住 v
！ x
！ x
！ x
！ x
！ x
！ x
！ x
！ x
！ x
！ x"
85,環境	服務,,"房間 x
真是 d
好 a
小 a
， x
而且 c
有 v
股 q
霉味 n
， x
床單 n
沒洗 x
乾淨 x
， x
有 v
不明 v
的 uj
污漬 x
， x
打 v
到 v
客房部 n
要求 v
換 zg
沒人接 x
電話 x
， x
只能 v
打 v
到 v
前台 n
， x
送來 x
條床 n
單 n
， x
我 r
要求 v
鋪上 x
， x
服務員 x
說 zg
自己 r
是 v
前台 n
的 uj
不 a
負責 x
鋪床 n
， x
客房部 n
的 uj
人 n
下班 v
了 ul
， x
我 r
只能 v
自己 r
鋪 x
。 x
看 v
上面 f
幾位 x
評價 x
數字電視 x
比較 x
吸引 v
人 n
， x
我 r
覺得 x
真是 d
沒什麼 x
可看 v
的 uj
， x
存儲 x
的 uj
電影 x
少 a
得 ud
可憐 x
， x
連續劇 x
根本 a
打不開 x
。 x
下次 t
不會 x
去 v
住 v
了 ul
。 x"
86,環境	餐廳,,"是 v
看 v
了 ul
網上 x
評分 x
好 a
才 d
預訂 x
的 uj
, x
結果 x
去 v
了 ul
後 nr
大失所望 i
. x
晚上 t
去 v
check eng
- x
in eng
的 uj
, x
但 c
賓館 x
卻 zg
沒有 x
開燈 x
, x
我們 x
繞著 v
正義路 x
跑 v
了 ul
三圈 m
都 d
沒 v
找到 v
, x
只好 d
打電話 x
讓 x
他們 x
出來 x
人才 n
領到 x
地方 n
. x
刷卡 n
不能 v
預付 x
, x
害 v
得 ud
我們 x
每天 r
都 d
要 v
去 v
刷 v
一下 m
當天 x
房費 x
並續 v
房卡 n
. x
房間 x
很 d
破 v
, x
牆紙 x
拿 v
膠帶 x
粘著 v
, x
插座 n
十個 x
都 d
有 v
八個 x
不能 v
用 p
. m
多 m
的 uj
枕頭 x
被子 n
找 v
個 q
櫃子 x
就 d
塞 v
, x
估計 x
都 d
很髒 x
, x
用 p
了 ul
都 d
有 v
心理障礙 x
. x
衣櫃 x
想掛 v
衣服 n
都 d
很 d
難 a
打開 x
. x
門鎖 x
開 v
了 ul
關門 x
困難 x
, x
每次 r
都 d
要 v
很 d
大聲 x
的 uj
關門 x
. x
寬帶 x
根本就是 n
擺設 x
, x
找 v
人 n
維修 x
竟 d
說 v
IT eng
人 n
休息 v
, x
昏倒 v
~ x
~ x
房內 x
衛生 x
做 v
得 ud
極其 x
馬虎 x
, x
我們 x
倆個 x
房間 x
一個 x
幾天 x
都 d
是 v
藥味 x
, x
開窗 x
也 d
散 v
不 d
去 v
; x
一個 x
有 v
煙味 x
, x
卻 zg
根本 a
不能 v
開窗 x
. m
床頭 n
底下 f
竟然 d
還有 x
個 zg
雞蛋 x
, x
抽屜 x
裡 zg
還有 x
上 f
一個 x
客人 n
的 uj
遺留 x
物品 n
. x
最最 d
誇張 x
的 uj
是 v
那個 x
衛生間 x
, x
竟然 d
淋浴 n
沒有 x
隔層 x
, x
洗 v
個 q
澡 ng
整個 x
衛生間 x
全是 n
水 n
. m
每天 r
洗完 v
澡 n
不得不 d
在 p
地 n
上鋪 x
塊 q
大 a
浴巾 n
, x
以便 c
能 v
進去 x
. x
那個 x
早餐 n
我 r
根本 a
也 d
不想 v
說 v
了 ul
, x
7 x
- x
9 m
點 m
的 uj
供應 x
時間 x
, x
東西 x
簡直 x
是 v
垃圾 n
. x
後來 x
我 r
連 u
早餐券 n
都 d
不要 df
他們 x
的 uj
了 ul
. m
前台 n
的 uj
接待員 x
算有 v
禮貌 x
, x
但 c
checkout eng
奇慢 a
. x
後來 x
才 d
瞭解 x
到 v
一定 d
要 v
屋內 x
人 n
走 v
了 ul
查完 v
房才 n
給 p
我們 x
結 n
. m
只 d
想 v
說 v
那 r
屋裡 s
的 uj
東西 x
送 v
我 r
都 d
不會 x
要 v
, x
還 x
怕人 a
拿 v
, x
太 d
誇張 x
了 ul
...... m
以後 x
是 v
萬萬 x
也 d
不會 x
再 d
去 v
那裡 r
住 v
了 ul
, x
太 d
失望 v
了 ul
! x
! x
! x
! x
! x
! x"
87,價格,,"價格 x
不是太好 l
. x
其他 r
都 d
還 d
不錯 x"
88,環境,,"1. m
大堂 n
前台 n
服務 x
快捷 a
， x
效率高 n
。 x
2. m
客房 n
層 q
和 c
房間 x
空氣 x
不好 d
， x
通風 x
不良 a
。 x
3. m
房間 x
乾淨 x
， x
但是 c
陳設 x
和 c
配置 v
過於 x
簡陋 x
。 x
4. m
三 m
樓 n
餐廳 x
早餐 n
品種 x
尚可 d
， x
服務 x
欠 v
培訓 x
， x
二星 nz
水準 x
。 x
5. m
二樓 x
餐廳 x
菜譜 x
海鮮 x
豐富 x
， x
但是 c
素菜 n
類 zg
品種 x
太 d
少 a
。 x
感覺 x
一般般 l
嘍 x
， x
不如 c
隔壁 s
的 uj
金雁 nr
。 x"
90,,餐廳,"價格 x
適中 x
， x
裝修 x
還 x
可以 c
。 x
早餐 n
尚可 d
。 x
物有所值 l"
91,環境	服務	價格,,"給 zg
朋友 n
定 v
了 ul
該 r
酒店 n
, x
價格比 x
以前 f
高出 v
了 ul
很多 m
. m
這 r
且不說 x
. x
轉天 x
朋友 n
結帳 x
, x
前台 n
因為 c
染 v
了 ul
一塊 x
毛巾 nr
和 c
床單 n
的 uj
說法 x
要求 v
賠償 x
110 m
元 m
. m
朋友 n
很 d
不 d
開心 x
, x
說 zg
就是 d
喝 vg
你們 x
冰箱 n
可樂 x
時候 x
噴出來 x
一些 m
. x
而且 c
110 m
買 v
你 r
5 m
套 q
也 d
夠 v
了 ul
. m
結果 x
我 r
要求 v
前台 n
把 p
經理 x
找來 x
, x
一個 x
小伙子 n
說 v
他 r
就是 d
. x
朋友 n
說 zg
你們 x
四星 nz
這麼 x
做 v
有點 x
過火 x
. x
後來 x
我 r
要求 v
那個 x
小伙子 n
帶我去 x
房間 x
看 v
一下 m
有沒有 x
污染 vn
, x
到 v
什麼 x
程度 n
. x
於是 x
他 r
就 d
一起 m
去 v
了 ul
, x
床單 n
的 uj
一 m
大片 n
我 r
表示 v
懷疑 x
是否是 l
朋友 n
染 v
的 uj
. m
於是 x
在 p
我 r
拉掉 v
床單 n
的 uj
一剎那 x
, x
令人 nrt
驚訝 x
的 uj
事情 n
發生 x
了 ul
, x
在 p
下面 f
棉單 n
上面 f
, x
竟然 d
有 v
一 m
女人 n
例假 v
的 uj
血跡 x
. x
當然 x
就 d
想 v
吐 v
, x
那 r
血 n
還 d
好像 v
是 v
近期 t
的 uj
. m
朋友 n
一看 u
就 d
急 v
了 ul
, x
在 p
這 r
床上 n
睡 v
一 m
晚 tg
是 v
多麼 x
讓 v
人 n
噁心 x
. m
我 r
相信 v
酒店 n
也 d
完全 ad
能 v
檢查 x
出來 x
有 v
, x
根本 a
沒有 x
換 zg
, x
或者 c
簡單 x
洗完 v
就 d
鋪上 x
了 ul
. m
所以 c
, x
請 zg
大家 n
今後 x
住 v
這個 x
酒店 n
一定 d
好好 d
檢查 x
檢查 x
. x
( x
酒店 n
最終 x
解決 x
是 v
半價 x
, x
但是 c
遠遠 x
無法 x
消除 v
這種 x
失望 v
, x
決心 x
不再 d
入住 v
) x
. x
補充 x
點評 x
2007 m
年 m
2 m
月 m
3 m
日 m
： x
如果 c
床單 n
上 f
發現 x
有 v
血跡 x
, x
這 r
在 p
國外 x
, x
甚至 d
國內 x
的 uj
4 m
, x
5 m
星 n
酒店 n
絕對 x
是 v
無法 x
容忍 a
的 uj
事情 n
. x
酒店 n
不是 c
簡單 x
的 uj
打著 v
折 v
就 d
能 v
擺平 x
的 uj
事情 n
. x"
93,,環境	服務,"酒店 n
服務員 x
真 d
好 a
， x
我 r
被 p
大雨 n
截在 v
長途車 x
站 v
， x
給 zg
酒店 n
電話 x
之後 x
派車 x
接 v
了 ul
我 r
。 x
房間 x
不敢恭維 x
， x
太舊 x
了 ul
， x
而且 c
有 v
味道 n
。 x
總體而言 x
服務 x
還 x
可以 c
。 x"
95,環境,,"什麼 x
破 v
4 m
星 n
， x
熱水 x
要 v
10 m
分鐘 x
後 nr
才 d
來 v
。 x
沒有 x
中央空調 x
。 x
賓館 x
反饋 x
2008 m
年 m
3 m
月 m
26 m
日 m
： x
沒有 x
中央空調 x
， x
信息 n
不 d
實 x
。 x
熱水 x
可能 v
白天 t
客人 n
洗澡 v
的 uj
較少 d
， x
管道 n
內 f
有 v
一些 m
冷水 n
需要 v
放淨 v
， x
此類 x
事情 n
在 p
哪家 r
酒店 n
都 d
會 v
出現 x
， x
請客 x
人 n
諒解 x
！ x"
96,環境,,"房間 x
很 d
差 a
， x
暖氣 x
非常 d
不 d
阻 v
， x
被子 n
又 d
薄 a
， x
居然 d
連個 x
電話 x
都 d
沒有 x
， x
還是 x
豪華 x
房 n
。 x
下次 t
千萬 x
不要 df
住 v
。 x"
97,,環境	服務	價格,"房間 x
寬敞 x
， x
很 zg
乾淨 x
， x
牆上 x
掛著 v
小型 b
液晶 n
電視機 x
， x
衛生間 x
沒有 x
浴缸 n
只能 v
淋浴 n
， x
不過 x
不成問題 x
。 x
長寧路 x
是 v
個 q
大馬路 x
， x
但因為 c
酒店 n
位於 x
弄堂 n
裡 zg
， x
所以 c
環境 x
比較 x
安靜 x
。 x
我 r
比較 x
喜歡 x
錦江 x
大廚 x
， x
價廉 x
味 ng
美 j
， x
服務態度 x
也 d
還 d
可以 c
。 x
229 m
元 m
的 uj
房價 x
的確 x
很 d
有 v
競爭力 x
。 x
網絡 x
速度 n
有點 x
問題 x
， x
經常 x
有 v
中斷 x
或 c
連接 x
不上 v
的 uj
情況 x
。 x"
98,環境	服務	價格,,"酒店 n
房間 x
甲醛 nz
含量 n
過 ug
高 a
, x
嚴重 x
影響 x
客人 n
身體健康 x
. m
我 r
入住 v
的 uj
是 v
932 m
, x
剛 zg
開門 x
差點 x
被 p
熏 v
倒 v
. m
第二天 m
回來 x
開門 x
再次 d
被 p
雷 n
到 v
. m
換房 x
626 m
, x
情況 x
稍 zg
好 a
, x
但 c
床單 n
上 f
有 v
三處 x
污點 x
, x
退房 v
時 ng
有 v
和 c
總台 n
反應 x
, x
好像 v
沒什麼 x
反應 x
. m
吃 v
早飯 x
, x
你 r
吃 v
東西 x
的 uj
速度 n
要 v
趕上 x
服務員 x
撤 v
盤子 x
的 uj
速度 n
, x
否則 x
桌子 n
上 f
會 zg
什麼 x
都 d
不會 x
留下 v
. x
補充 x
點評 x
2008 m
年 m
7 m
月 m
6 m
日 m
： x
哈 nr
, x
剛住 d
完 v
, x
酒店 n
價格 x
就 d
從 p
450 m
降到 v
418 m
, x
下次 t
和 c
攜程 x
"" x
砍價 x
了 ul
"" x"
99,服務	價格,,"最差 a
的 uj
酒店 n
, x
完全 ad
沒有 x
服務 x
意識 x
, x
我 r
幫 v
朋友 n
訂 v
的 uj
酒店 n
, x
說 v
是 v
可以 c
到 v
機場 x
接 v
飛機 x
, x
但是 c
沒有 x
接到 v
我 r
朋友 n
不 d
說 v
, x
連個 x
電話 x
也 d
沒有 x
給 p
我 r
打 v
, x
我 r
朋友 n
從 zg
外國 x
回來 x
, x
我 r
無法 x
聯繫 x
上 f
她 r
, x
她 r
只有 c
隨便 x
住 v
了 ul
機場 x
旁邊 x
的 uj
錦江 x
之 u
星 n
, x
我 r
晚上 t
11 m
點 m
多 m
打給 v
酒店 n
, x
那邊 x
竟然 d
不負責任 x
的 uj
說 v
人 n
還 d
沒有 x
接到 v
, x
可能 v
飛機 x
晚點 x
了 ul
, x
還 x
答應 x
說 v
我 r
朋友 n
到 v
了 ul
給 p
我 r
打電話 x
, x
完全 ad
是 v
胡說 x
! x
! x
建議 x
大家 n
都 d
不要 df
住 v
這個 x
酒店 n
, x
實在 x
是 v
太差 n
了 ul
! x
! x
! x
最後 x
人 n
沒有 x
接到 v
, x
還 x
好意思 l
後來 x
打電話 x
跟 p
我 r
說 v
要錢 x
, x
實在 x
是 v
差 a
! x
! x"
100,餐廳	服務,,"不好 d
， x
感覺 x
很 d
差 a
， x
特別 x
是 v
那 r
服務態度 x
， x
客人 n
進來 x
不聞不問 x
， x
走時 x
也 d
沒 d
說 v
「 x
歡迎 x
下次 t
再來 x
」 x
， x
服務員 x
臉上 x
也 d
基本 n
看不到 v
微笑 vn
， x
特別 x
是 v
那 r
餐廳 x
， x
我 r
只能 v
用 p
「 x
極差 x
」 x
二 m
字 n
形容 n
， x
不好意思 a
， x
因為 c
我 r
實在 x
找不出 v
比 p
這 r
更 d
貼切 x
的 uj
詞彙 x
了 ul
， x
在 p
二樓 x
用餐 n
時 zg
， x
那 r
服務員 x
說 v
的 uj
最多 a
的 uj
就是 d
「 x
大家 n
要 v
吃 v
好 a
不要 df
浪費 x
」 x
和 c
「 x
對不起 x
， x
我們 x
沒菜 v
了 ul
」 x
， x
我 r
看 v
了 ul
一下 m
表 v
， x
才 d
6 m
： x
40 m
， x
而 c
晚餐 n
時間 x
是 v
7 m
： x
00 m
結束 x
， x
那麼 x
早就 d
沒菜 v
了 ul
， x
那 r
還 d
叫 v
「 x
飯店 x
」 x
？ x
後來 x
一眼 m
瞥見 x
一塊 x
牌子 n
， x
上面 f
寫道 x
： x
食物 n
沒 d
吃 v
完 v
， x
超出 v
100 m
g eng
/ x
10 m
元 m
收費 x
。 x
難道 x
你們 x
那 r
飯 n
是 v
用 p
金子 n
做 v
的 uj
？ x
而且 c
還 x
摳門 x
的 uj
很 a
， x
飯 n
涼 v
了 ul
， x
用 p
微 n
鍋爐 x
加熱 x
， x
服務員 x
一個勁 x
得 ud
說 v
「 x
一分鐘 x
就 d
夠 v
了 ul
， x
一分鐘 x
就 d
夠 v
了 ul
」 x
， x
我 r
在 p
想 v
我們 x
可是 c
付錢 x
進來 x
的 uj
， x
可不是 c
來 zg
受氣 x
的 uj
， x
更 d
不是 c
聽 x
你們 x
說 zg
「 x
現在 x
菜 n
貴 a
了 ul
， x
我們 x
都 d
買不起 x
菜 n
」 x
之類 x
抱怨 v
的話 x
， x
所以 c
我 r
建議 x
大家 n
如果 c
不是 c
想來 x
鍛煉 v
心理 n
承受能力 n
的 uj
或 c
心理素質 x
的 uj
， x
我 r
相當 x
不 d
推薦 x
此 zg
酒店 n"
104,,環境	服務,"房間 x
面積 x
很大 a
， x
服務 x
尚可 d
， x
總的來說 x
還 x
滿意 x
。 x"
105,環境	服務,,"9 m
月 m
30 m
日 m
我 r
給 p
朋友 n
（ x
從 zg
德國 x
來 zg
湖南 ns
打算 v
去 v
張家界 x
） x
預訂 x
了 ul
2 m
間房 n
1 m
晚 t
， x
第 m
2 m
天 n
早上 t
結帳 x
時 zg
服務員 x
硬 a
說 v
房間 x
少 a
了 ul
1 m
個 m
衣架 n
， x
我 r
朋友 n
只好 d
上去 t
6 m
樓 n
看 v
， x
結果 x
是 v
服務員 x
數錯 x
了 ul
。 x
我 r
朋友 n
很 zg
生氣 x
， x
說 zg
酒店 n
服務員 x
數數 x
都 d
數不清 x
嗎 x
？ x
發生 x
這樣 x
的 uj
事 n
， x
讓 x
客人 n
感覺 x
到 v
很 d
不 d
愉快 a
， x
同時 x
耽誤 x
了 ul
客人 n
結帳 x
的 uj
時間 x
。 x"
106,環境	價格	餐廳,,"太差 n
， x
根本 a
不夠 x
四星級 x
。 x
我 r
住 v
的 uj
是 v
豪華 x
大床 nz
房 n
， x
居然 d
只是 c
三 m
樓 n
， x
三 m
樓 n
有 v
不少 d
運動 x
場所 x
， x
還有 x
髮廊 x
， x
很 zg
嘈雜 x
， x
房間 x
也 d
不好 d
找 v
， x
我 r
找 v
了 ul
半天 m
才 d
找到 v
自己 r
的 uj
房間 x
。 x
房間 x
裡 f
很 d
悶 v
， x
通風 x
很 d
差 a
， x
窗外 s
一點 x
街景 n
也 d
看不見 x
， x
相隔 v
十幾米 x
跟 p
居民樓 x
面面 f
相對 x
。 x
房間 x
裡 f
連 u
咖啡 n
包 v
也 d
沒有 x
， x
倒有 v
不少 d
要 v
收費 x
的 uj
茶 n
包 v
、 x
飲料 x
等 u
， x
我 r
還 d
得 ud
幫 v
它 r
核 n
對 p
一下 m
別 zg
入住 v
時 ng
就 d
少 a
了 ul
什麼 x
！ x
早餐 n
很 zg
一般 a
， x
沒 zg
特色 n
， x
以後 x
絕對 x
不住 v
了 ul
！ x"
107,環境	服務,,"攜程 x
的 uj
描述 v
是 v
錯誤 x
的 uj
， x
根本 a
不是 c
什麼 x
「 x
高級 x
商務酒店 x
」 x
， x
應該 x
是 v
和 c
莫泰 nr
168 m
一樣 x
的 uj
「 x
炮店 n
」 x
， x
整個 x
房間 x
是 v
紅色 x
基調 x
裝飾 x
， x
和 c
妓院 n
差不多 l
， x
床 n
的確 x
是 v
圓 n
的 uj
， x
晚上 t
竟然 d
有 v
蟑螂 n
， x
退房 v
時 zg
前台 n
搞不清 l
如何 r
將 d
預 v
授權 x
轉為 v
消費 x
， x
折騰 x
了 ul
很久 m
， x
期間 x
不停 d
的 uj
提出 v
要 v
用 p
現金結算 x
等 u
方案 n
， x
在 p
本人 r
的 uj
堅持 x
下 f
終於 x
消費 x
成功 a
， x
哎 e
， x
打死 v
都 d
不住 v
咯 o
！ x
！ x
！ x"
108,環境	服務	交通,,"地址 n
錯誤 x
環境 x
糟糕 a
服務 x
不 d
到位 v
有點 x
上當 x
的 uj
感覺 x"
109,環境	服務,,"預訂 x
是 v
攜程 x
小姐 nr
推薦 x
的 uj
， x
怎麼 x
說 zg
， x
一個 x
字 n
， x
爛 zg
， x
兩個 x
字 n
， x
真爛 a
， x
三個 x
字 n
， x
實在 x
爛 zg
。 x
典型 n
的 uj
政府 n
國營 x
單位 x
的 uj
痕跡 x
， x
根本 a
不 d
懂 v
什麼 x
叫 v
服務 x
， x
房間 x
既小 b
又 d
破 v
， x
三星 nz
都 d
勉強 x
。 x
花 n
400 m
多 m
買 v
了 ul
瓶 n
紅酒 x
， x
餿 a
的 uj
！ x"
111,環境,交通,"交通 n
方便 a
， x
周邊 x
也 d
熱鬧 x
， x
房間 x
小 a
在 p
香港 ns
那 r
是 v
自然 d
的 uj
了 ul
， x
總的說來 x
是 v
物有所值 l
了 ul
。 x"
113,,餐廳	服務,"前台 n
服務員 x
很 zg
熱情 x
, x
由於 x
工作 vn
關係 x
, x
本人 r
清晨 t
5 x
: x
00 m
離開 x
酒店 n
時 zg
, x
酒店 n
給 zg
客人 n
準備 x
了 ul
早點 x
心 n
, x
讓 x
客人 n
感到 v
十分 m
溫馨 x
和 c
體貼 x
. x"
115,環境	服務	交通,,"風格 x
就是 d
快捷酒店 n
， x
不過 x
服務 x
和 c
得到 v
的 uj
優秀 x
酒店 n
稱號 x
相差 v
好 a
遠 a
， x
我 r
住 v
的 uj
是 v
商務 x
大床 nz
房 n
， x
是 v
最靠 a
走廊 n
盡頭 x
的 uj
單人間 x
， x
房間 x
異味 x
很濃 x
， x
灰色 n
的 uj
沙發 x
很髒 x
， x
有 v
好幾個 x
破洞 n
， x
房內 x
的 uj
網線 x
是 v
鐵通 x
的 uj
， x
但 c
「 x
鐵定 x
不通 a
」 x
周圍 x
沒有 x
商店 n
， x
以後 x
不會 x
再 d
住 v
了 ul
。 x"
118,環境	服務	餐廳,,"該 x
酒店 n
是 v
攜程 x
所 c
介紹 x
的 uj
最差 a
的 uj
， x
早飯 x
很 d
差 a
， x
一大群 m
服務員 x
坐在 v
一旁 s
的 uj
挖 n
鼻屎 n
、 x
化妝 x
、 x
大聲 x
說話 x
， x
噁心 x
！ x
補充 x
點評 x
2006 m
年 m
11 m
月 m
6 m
日 m
： x
大 a
房間 x
裡 zg
沒有 x
小床 n
， x
設施 x
簡單 x
。 x"
119,,交通	服務,"技術 x
區裡 s
唯一 b
的 uj
四星級 x
酒店 n
, x
外觀 x
不起眼 l
, x
但 c
服務 x
感覺 x
很 zg
不錯 x
, x
尤其 d
? x"
120,環境	服務,,"在 p
當地 x
算是 v
比較 x
好 a
的 uj
酒店 n
， x
所以 c
每次 r
去 v
當地 x
出差 v
基本上 n
都 d
會 v
住 v
這家 x
酒店 n
。 x
酒店 n
服務 x
一般 a
， x
設施 x
不是 c
很 zg
理想 n
， x
如果 c
能夠 x
有 v
針對性 x
的 uj
進行 x
改進 x
會 zg
更好 d
。 x"
122,價格,交通,"上網 x
收費 x
太貴 x
, x
每天 r
40 m
元 m
. m
交通 n
還是 x
很 zg
便利 a
, x
離 zg
地鐵站 x
很 d
近 a
. m"
123,,服務,"第五次 m
為 zg
貴賓 x
客戶 x
入住 v
， x
值得 v
推薦 x
！ x
服務 x
沒話說 x
！ x"
124,服務,,"剛為 d
朋友 n
29 m
號 m
預定 x
的 uj
北方 f
擔心 x
過 zg
， x
不料 n
30 m
號 m
結房 n
時 n
， x
前台 n
問 v
我 r
朋友 n
房間 x
的 uj
有線電視 x
搖控器 x
不見 x
了 ul
， x
後來 x
在 p
我 r
強烈要求 x
下 f
， x
酒店 n
人員 x
可能 v
動用 x
百度 n
搜索 v
到 v
搖控器 x
， x
這 r
才 d
罷休 x
！ x
我 r
就 d
納悶 x
了 ul
： x
我 r
怎麼 x
就 d
這麼 x
倒霉 a
啊 zg
？ x
每次 r
預定 x
北方 f
都 d
會 v
有 v
麻煩 x
， x
我 r
想 v
這 r
不是 c
偶然 d
吧 y
， x
北方 f
的 uj
前台 n
服務 x
真的 d
有待 v
提高 v
。 x"
125,環境	交通,,"房間 x
小 a
， x
地點 x
差 a
， x
交通不便 l
， x
最 d
可惡 x
的 uj
是 v
變相 x
惡意 x
宰客 nr
。 x
建議 x
到 v
連雲港 x
千萬 x
不要 df
入住 v
該處 x
。 x
否則 x
後果 x
很 zg
嚴重 x
。 x"
126,價格,交通,"同 p
標準 x
的 uj
酒店 n
, x
價格 x
上 f
稍微 d
一點 x
貴 x
! x
整體 x
感覺 x
還 x
可以 c
, x
位置 v
很 zg
方便 a
, x
我們 x
公司 n
的 uj
人 n
每次 r
去 v
都 d
住 v
那 r
! x
自助餐 v
是 v
不錯 x
滴 v
! x
旁邊 x
的 uj
小吃 n
廣場 x
... m
可以 c
過過 v
讒 n
! x"
128,環境,,"不錯 x
的 uj
酒店 n
， x
就是 d
房間 x
較 d
小 a
了 ul
一點 x
， x
床 n
較硬 x
了 ul
點兒 x
， x
其它 r
都 d
還 d
不錯 x"
129,餐廳,,"中餐廳 x
絕對 x
不是 c
五星 nz
： x
晚 t
8 m
點 m
多 m
時 ng
去 v
的 uj
2 m
樓 n
中餐廳 x
， x
沒什麼 x
人 n
用餐 n
， x
餐廳 x
環境 x
猶如 x
一般 a
小店 n
， x
餐具 n
也 d
很 d
一般 a
， x
桌上 s
沒有 x
餐巾紙 x
， x
沒有 x
牙籤 x
。 x
上菜 n
也 d
慢 a
。 x"
130,環境	交通	價格,,"剛 d
從 p
九洲 ns
環宇 x
換到 x
這個 x
酒店 n
， x
感覺 x
差距 n
太 d
大 a
了 ul
， x
這裡 r
號稱 x
在 p
市中心 n
， x
但 c
周圍 x
除了 p
天寧寺 x
， x
沒 zg
別的 x
。 x
房間 x
有點 x
舊 a
了 ul
， x
老式 n
格局 n
， x
洗澡水 nz
很小 a
。 x
價錢 x
比 p
九洲 ns
環宇 x
要 v
高 a
30 m
% x
多 m
， x
覺得 x
非常 d
非常 d
不值 n
。 x
再也不會 x
選擇 x
這裡 r
了 ul
， x
除非 c
價錢 x
降到 v
200 m
以下 f
。 x"
131,,餐廳,"在 p
保定 v
, x
應該 x
說 v
是 v
最好 a
的 uj
酒店 n
了 ul
, x
那裡 r
的 uj
餐廳 x
給 zg
酒店 n
加 v
分 v
不少 d
. x"
132,餐廳	交通,環境,"差差 n
差 n
， x
房間 x
大 a
而 c
傢俱 x
太差 n
， x
有 v
早餐 n
而 c
早餐 n
質量 x
太差 n
， x
有 v
寬帶 x
而 c
網速 x
極差 x
， x
幾乎 x
等於零 x
。 x
環境 x
好 a
而 c
交通 n
太差 n
。 x"
133,服務,環境,"今天 t
是 v
6 m
月 m
27 m
日 m
， x
離 v
我 r
在 p
漢庭 n
快捷酒店 n
（ x
上海 ns
新 a
虹橋店 x
） x
住宿 n
2 m
月 m
有餘 x
（ x
我 r
與 p
4 m
月 m
12 m
日 m
入住 v
） x
， x
其它 r
的 uj
事 n
我 r
已 d
記不清 x
楚 nr
， x
但是 c
離店 n
結賬 x
產生 x
的 uj
麻煩 x
至今 d
困擾 x
我 r
， x
當日 x
， x
通過 x
攜程 x
訂 v
的 uj
是 v
2 m
間 f
246 m
元 m
的 uj
高級 x
大床 nz
房 n
， x
總價 x
是 v
492 m
元 m
。 x
當時 x
入住 v
辦手續 x
一切順利 x
， x
服務生 x
拿出 v
攜程 x
訂單 x
， x
打 v
單 n
刷卡 n
有條不紊 x
， x
我 r
拿單 x
簽字 x
， x
當然 x
我 r
注意 v
的 uj
是 v
刷卡 n
簽單 x
， x
預 zg
授權 x
800 m
元 m
， x
沒有 x
核 n
對 p
服務生 x
打出 v
的 uj
另外 c
的 uj
每張 x
單據 x
的 uj
每個 x
字符 n
， x
第二天 m
離店 n
結賬 x
， x
麻煩 x
來 v
了 ul
， x
再次 d
刷卡 n
簽單 x
時 zg
， x
我 r
發現 x
刷 v
了 ul
568 m
元 m
， x
我 r
拒絕 x
簽單 x
， x
與 p
我 r
的 uj
預訂 x
不同 a
， x
此時 x
服務生 x
拿出 v
我 r
昨天 t
的 uj
一把 m
簽單 x
講 zg
， x
我 r
住 v
的 uj
是 v
284 m
元 m
的 uj
高級 x
大床 nz
房 n
， x
暈 x
， x
忽悠 z
我 r
昨天 t
的 uj
不 a
細心 x
， x
昨天 t
沒有 x
任何 r
提示 v
， x
今天 t
要 v
我 r
買單 x
， x
我 r
與 p
服務生 x
理論 x
， x
最後 x
服務 x
主管 n
同意 d
按 p
492 m
元 m
結賬 x
， x
似乎 d
一切 r
都 d
已 d
結束 x
， x
然而 c
並未 x
如此 c
， x
服務生 x
給 p
我 r
的 uj
卡 n
刷 v
了 ul
2 m
次 t
， x
一次 m
是 v
492 m
元 m
， x
我 r
同意 d
簽單 x
給 p
他 r
， x
另 r
一張 x
568 m
元 m
， x
我 r
拒絕 x
簽字 x
， x
收回 v
單據 x
。 x
然而 c
， x
當 p
我 r
收到 v
銀行 x
的 uj
對 n
賬單 x
時 zg
， x
我 r
還是 x
發現 x
被 p
扣款 v
2 m
次 t
， x
我 r
致電 x
該 x
酒店 n
， x
答應 x
查詢 x
後 nr
給予 x
答覆 x
， x
至今 d
未 d
收到 v
任何 r
回 v
復 zg
， x
後 nr
與 p
銀行 x
方面 n
聯繫 x
， x
其中 r
我 r
多次 m
與 zg
銀行 x
聯繫 x
， x
銀行 x
終於 x
在 p
6 m
月 m
13 m
日 m
退回 v
492 m
元 m
（ x
估計 x
銀行 x
與 zg
該店 x
進行 x
了 ul
N eng
次 t
交涉 v
） x
， x
6 m
月 m
25 m
日 m
左右 m
， x
銀行 x
致電 x
我 r
講 v
退回 v
492 m
元 m
， x
我 r
核 n
對 p
後 nr
再次 d
將 d
此 r
情況 x
反映 v
給 zg
銀行 x
， x
應該 x
退回 v
568 m
元 m
， x
再次 d
講 v
了 ul
我 r
沒有 x
簽單 x
的 uj
賬單 x
還是 x
被 p
扣款 v
了 ul
， x
我 r
在 p
等待 v
著 n
銀行 x
交涉 v
之後 x
的 uj
結果 x
。 x
不知 v
這次 x
還要 x
等待 v
多長時間 x
- x
- x
- x
- x
- x
- x
- x
- x
- x
- x
- x
- x
- x
- x
- x
- x
- x
- x
- x
- x"
134,服務	價格,環境,"標準間 x
較大 x
， x
接站 n
服務 x
不錯 x
。 x
總台 n
服務 x
不太好 v
， x
退房 v
結帳 x
後 nr
， x
在 p
總台 n
打 v
一 m
市話 x
， x
告知 v
： x
需 v
2 m
角 n
！ x"
135,環境	服務,,"辦理 x
住房 n
登記 x
要 v
半小時 x
. x
整個 x
大堂 n
像 v
市場 x
亂哄哄 x
! x
房間 x
佈置 x
其 r
差 n
無比 x
! x"
136,,服務,"中銀 x
大廈 x
的 uj
前台 n
服務態度 x
非常 d
好 a
。 x
及時 x
幫 v
我 r
解決 x
了 ul
預定 x
問題 x
。 x
我 r
很 d
滿意 x
保定 v
市區 x
最好 a
的 uj
飯店 x
就是 d
中銀 x
了 ul
， x
四星 nz
標準 x
。 x
到 v
保定 v
， x
就 d
住 v
中銀 x
大廈 x
把 p
， x
也 d
沒有 x
其他 r
選擇 x
了 ul"
137,環境,,"以前 f
住 v
過 ug
一次 m
， x
發現 x
了 ul
一隻 x
老鼠 n
， x
後來 x
看到 v
別人 x
說 zg
他們 x
重新 a
裝修 x
過 zg
， x
所以 c
這次 x
還是 x
選 v
了 ul
這個 x
酒店 n
。 x
可是 c
實在 x
是 v
讓 v
我 r
失望 v
， x
一切 r
如 v
舊 a
， x
什麼 x
也 d
沒 v
有變 x
， x
只 d
住 v
了 ul
一個 x
晚上 t
， x
我 r
就 d
生病 n
了 ul
。 x
下次 t
再也不會 x
住 v
這個 x
酒店 n
了 ul
。 x"
138,環境	交通,,"門面 x
太小 n
, x
房間 x
也 d
小 a
, x
連 zg
出租車 x
司機 x
都 d
不 d
熟悉 v
, x
有待 v
改進 x
哦 zg"
139,環境	交通	餐廳,,"同樣 x
的 uj
房間 x
有 v
小 a
有 v
大 a
， x
地理位置 n
比較 x
偏遠 x
。 x
早飯 x
不是 c
自助餐 v
形式 n
的 uj
， x
採用 x
的 uj
是 v
套餐 n
形式 n
。 x
不 d
能夠 x
自己 r
選擇 x
的 uj
， x
套餐 n
之外 f
的 uj
要 v
自己 r
購買 x
的 uj
。 x
這個 x
很 d
不 d
方便 a
， x
本人 r
不是 c
很 zg
喜歡 x
。 x
賓館 x
反饋 x
2008 m
年 m
4 m
月 m
7 m
日 m
： x
非常 d
感謝您 x
光臨 x
我們 x
酒店 n
, x
也 d
感謝您 x
對 x
我們 x
酒店 n
的 uj
關注 x
和 c
提出 v
一些 m
問題 x
, x
酒店 n
同 p
一種 x
房間 x
大小 b
都 d
是 v
一樣 x
的 uj
. m
關於 x
同樣 x
的 uj
房間 x
有 v
小 a
有大 a
的 uj
問題 x
, x
是 v
在 p
客人 n
原訂 x
房型 n
不足 a
用 p
或 c
出現異常 x
問題 x
時 zg
, x
我們 x
酒店 n
為了 p
保障 v
預訂 x
客人 n
的 uj
房間 x
而 c
給予 x
客人 n
免費 x
升級 x
入住 v
所 c
產生 x
的 uj
情況 x
. x
酒店 n
早餐 n
是 v
套餐 n
形式 n
. x
共有 v
8 m
款 m
固定 a
中式 n
茶點 x
套餐 n
供 v
客人 n
選用 x
, x
套餐 n
之外 f
需 v
增加 v
其它 r
點心 x
客人 n
需 v
自已 d
購買 x
. m
給 p
您 r
造成 v
不便 c
我們 x
深表歉意 vn
! x
歡迎您 x
的 uj
再次 d
光臨 x
我們 x
酒店 n
! x"
140,,環境	價格,"酒店 n
太舊 x
了 ul
, x
中午 t
進房 v
的 uj
時候 x
嚇了一跳 x
, x
晚上 t
進屋 x
就 d
好多 m
了 ul
. m
因為 c
燈光 x
昏暗 a
的 uj
關係 x
. x
第一次 m
住 v
經濟型 x
酒店 n
, x
搞 v
得 ud
感覺 x
很 zg
不好 d
. x
不過 x
床 n
還是 x
蠻 x
乾淨 x
的 uj
, x
淋浴 n
的 uj
水 n
也 d
很大 a
, x
這個 x
價錢 x
在 p
北京 ns
也 d
只能 v
住 v
這 r
酒店 n
了 ul
! x"
141,環境	價格,交通,"令人 nrt
失望 v
的 uj
酒店 n
。 x
1. m
進入 x
大廳 x
， x
就是 d
一股 m
酒味 n
， x
餐廳 x
和 c
大堂 n
的 uj
隔離 x
做 v
的 uj
不好 d
。 x
2. m
電梯 x
速度 n
很慢 d
， x
且 c
小 n
。 x
不過 x
四部 m
電梯 x
的 uj
配置 v
， x
使 v
等候 n
時間 x
縮短 x
。 x
3. m
房間 x
設施 x
簡陋 x
且 zg
地毯 n
和 c
衛生間 x
非常 d
骯髒 x
， x
令人 nrt
對 x
整個 x
房間 x
的 uj
衛生 x
程度 n
產生 x
懷疑 x
。 x
而 c
我 r
入住 v
的 uj
那個 x
房間 x
， x
居然 d
還有 x
幾個 x
飛蛾 x
在 p
不停 d
的 uj
飛 n
， x
費 v
了 ul
一番 m
周折 nr
撲殺 x
後 nr
才能 v
入睡 v
。 x
床鋪 n
舒適度 x
如果 c
是 v
經濟型 x
酒店 n
， x
無可非議 x
， x
但是 c
作為 v
四星級 x
的 uj
酒店 n
， x
是 v
不 d
合格 n
的 uj
。 x
4. m
入住 v
第二天 m
是 v
台商 n
會 zg
， x
不知 v
那些 r
台商 n
住 v
後 nr
有 v
什麼 x
感想 v
。 x
而且 c
我 r
被 p
告知 v
， x
如果 c
在 p
續住 v
， x
價格 x
會 v
漲到 v
550 m
。 x
5. m
唯一 b
值得 v
肯定 v
的 uj
是 v
地理位置 n
不錯 x
， x
風箏 x
廣場 x
斜對面 x
。 x
推薦 x
一家 m
買 x
風箏 x
的 uj
， x
出 v
酒店 n
向 p
右沿 s
勝利 x
東街 x
走 v
到 v
大橋 x
不到 v
， x
有 v
一家 m
楊家埠 x
風箏 x
店 n
， x
東西 x
不錯 x
， x
也 d
不 d
宰客 nr
。 x
比 p
鳶 ng
飛 v
斜對面 x
的 uj
要 v
便宜 a
一半 m
。 x"
142,服務,環境	交通	價格,"洲際 x
酒店 n
， x
攜程 x
的 uj
價格 x
確實 x
有 v
競爭力 x
。 x
應該 x
是 v
瀋陽 x
最 d
便宜 a
的 uj
五星級 x
酒店 n
。 x
1 x
） x
地理位置 n
： x
位於 x
商業街 x
太原 ns
街 n
附近 f
， x
交通 n
方便 a
， x
但 c
門口 x
老 a
是 v
堵車 x
， x
建議 x
打車 x
的話 x
在 p
酒店 n
對面 x
下 f
， x
然後 x
過 zg
馬路 x
。 x
2 x
） x
房間 x
： x
很小 a
， x
但 c
可以 c
看到 v
街景 n
的 uj
不錯 x
。 x
3 x
) x
健身 v
中心 n
居然 d
不 d
給 p
拍照 v
， x
其他 r
同類 x
酒店 n
沒此 l
規定 x
4 x
） x
禮賓 x
部門 x
口 q
服務 x
不好 d
， x
可能 v
因為 c
瀋陽 x
冬天 t
太冷 ns
， x
人 n
都 d
不 d
出來 x
迎接 v
客人 n
。 x
5 x
） x
最 d
糟糕 a
的 uj
一點 x
是 v
： x
叫 v
禮賓 x
部打輛 n
出租車 x
去 v
機場 x
， x
上車 x
前 f
還 d
問 v
酒店 n
的 uj
人 n
是否 v
打表 v
收費 x
， x
確認 x
後 nr
上車 x
， x
結果 x
到 v
了 ul
機場 x
竟 d
開口 x
喊價 x
， x
50 m
元 m
的 uj
車費 x
司機 x
喊 v
100 m
！ x
！ x
當時 x
因 p
趕 v
飛機 x
的 uj
原因 n
沒有 x
追究 v
， x
事後 x
投訴 x
洲際 x
， x
到 v
現在 x
仍 zg
未 d
解決 x
。 x
相當 x
失望 v
！ x"
143,環境	價格,,"總體 x
來說 x
還 x
不錯 x
， x
就是 d
衛生間 x
設施 x
差 a
了 ul
點 m
, x
要 v
什麼 x
沒什麼 x
. x
還有 x
就是 d
辦理 x
會員卡 x
好像 v
要價 x
太貴 x
了 ul
. m
至少 d
我 r
所知 v
的 uj
格林豪 nr
泰 j
是 v
免費 x
辦理 x
的 uj
. m"
144,環境,,"衛浴設備 x
簡陋 x
, x
沒有 x
熱水 x
可 v
洗澡 v
, x
或 c
熱水 x
不 d
熱 a"
145,交通	服務,,"第一次 m
去 v
西寧 x
， x
通過 x
攜程 x
定 v
的 uj
房間 x
。 x
我 r
住 v
的 uj
一個 x
房間 x
, x
衛生間 x
的 uj
味道 n
非常 d
大 a
, x
另外 c
前台 n
有 v
個別 x
服務員 x
服務 x
生硬 a
, x
像是 v
黑臉 x
的 uj
包公 nr
, x
位置 v
也 d
較 d
偏 a
， x
總體 x
來說 x
與 zg
四星級 x
的 uj
標準 x
差距 n
很大 a
, x
性價比 x
也 d
不 d
高 a
。 x
不 d
知道 v
攜程 x
怎麼 x
會 v
把 p
它 r
定為 v
銀牌 x
酒店 n
， x
因為 c
在 p
西寧 x
也 d
沒有 x
住 v
過 ug
其它 r
酒店 n
。 x"
147,,交通	價格,"不錯 x
的 uj
酒店 n
， x
挺 d
實惠 x
的 uj
， x
符合 v
合適 x
的 uj
市場 x
定位 n
， x
石家莊 x
裡 f
還 d
挺 d
方便 a"
148,,價格,"我 r
喜歡 x
這個 x
酒店 n
， x
因為 c
那裡 r
有 v
笑容 n
！ x
因為 c
方便 a
！ x
因為 c
價格合理 x
！ x
還有 x
登州 ns
路 n
56 m
號 m
的 uj
青島 x
啤酒 n
！ x
到 v
蕪湖 x
， x
經常 x
因為 c
倉促 x
而 c
訂 n
不到 v
國信 x
。 x
一大 a
憾事 n
！ x"
150,,環境	交通,"環境 x
交通 n
都 d
不錯 x
， x
房間 x
也 d
可以 c
， x
下次 t
還 d
會 v
再來 x"
151,環境	服務,,"酒店 n
在 p
裝修 x
， x
整體 x
感覺 x
特別 x
不好 d
， x
正門 x
都 d
走 v
不了 v
， x
車 n
也 d
不讓 x
停 v
， x
服務 x
人員 x
也 d
不 d
協助 x
找 v
停車 x
的 uj
地方 n
， x
哪裡 r
像是 v
五星 nz
的 uj
服務 x
水準 x
？ x
房間 x
衛生狀況 x
也 d
不是 c
很 zg
理想 n
， x
備品 x
也 d
不 d
像是 v
五星級 x
的 uj
， x
比如 v
牙刷 vn
根本就是 n
劣質 x
產品 x
。 x
酒店 n
整體 x
的 uj
軟性 x
服務 x
也 d
需要 v
提升 v
， x
看得出 v
是 v
個 q
管理 vn
很 zg
一般 a
的 uj
飯店 x
， x
服務 x
有員 n
整體素質 x
一般 a
。 x"
152,環境,,"最大 a
的 uj
優勢 x
是 v
距 p
火車站 x
很 d
近 a
, x
坐 v
公交 n
去 v
龍門石窟 x
、 x
關林廟 nr
等 u
景點 x
十分 m
方便 a
。 x
賓館 x
設施 x
太 d
陳舊 x
， x
電視 x
效果 n
差 a
。 x"
153,環境	交通	價格,,"來到 x
拉薩 x
才 d
發覺 x
這家 x
飯店 x
的 uj
價格 x
的確 x
是 v
偏 d
高 a
， x
同樣 x
水準 x
的 uj
飯店 x
在 p
北京 ns
路上 s
都 d
只 d
需 v
200 m
元 m
以下 f
。 x
最大 a
的 uj
問題 x
是 v
環境 x
雜 v
吵 v
， x
睡 v
不好 d
。 x"
154,環境	餐廳,,"雖然 x
我 r
住 v
的 uj
是 v
豪華 x
房 n
， x
但是 c
房間 x
的 uj
設施 x
還是 x
顯得 x
有些 r
陳舊 x
。 x
早點 x
並 zg
不是 c
非常 d
的 uj
豐富 x
， x
不過 x
我 r
想 v
對於 x
在 p
四星 nz
飯店 x
裡 f
的 uj
50 m
元 m
錢 n
的 uj
早點 x
， x
可能 v
是 v
我 r
要求 v
過 ug
高 a
了 ul
。 x
不過 x
這個 x
酒店 n
的 uj
門臉 x
可 v
這 r
是 v
夠 v
背 v
的 uj
。 x
藏 j
在 p
了 ul
一個 x
小 a
胡同 nr
裡面 f
。 x
不過 x
還好 x
出租車 x
司機 x
都 d
知道 v
。 x"
156,環境,餐廳	服務,"僅 d
住 v
了 ul
一天 m
， x
單人房 x
， x
感覺 x
還 x
滿意 x
。 x
服務 x
不錯 x
， x
早餐 n
不錯 x
， x
結賬 x
也 d
很快 d
。 x
去 v
不遠 x
的 uj
西關 x
人家 n
吃 v
了 ul
頓 q
晚飯 x
， x
驢肉 x
鍋 n
仔 ad
， x
便宜 a
又 d
實惠 x
。 x
房間 x
稍 d
小 a
了 ul
一點 x
， x
書桌上 x
放 v
了 ul
電腦 x
稍 d
顯 v
擁擠 x
。 x"
157,服務,,"服務 x
差 a
， x
怎麼 x
會 v
有 v
一間 x
酒店 n
沒 zg
熱水 x
呢 y
? x
我 r
之前 f
看到 v
是 v
一月 m
的 uj
點評 x
說 v
沒熱 v
方 n
不到 v
現去 t
還是 x
沒有 x
， x
投 vn
訴說 x
要換 v
另一家 l
他們 x
居然 d
說 v
叫 v
我 r
可考 v
蘆 n
， x
我 r
馬上 x
搬去 v
別家 x
。 x"
159,環境	服務,,"典型 n
的 uj
國營 x
酒店 n
， x
管理層 x
缺乏 v
責任心 x
， x
管理混亂 x
。 x
房間 x
裡 f
的 uj
大燈 x
鏡燈 n
檯燈 x
都 d
是 v
壞 a
的 uj
， x
只有 c
一盞 x
床 n
頭燈 x
可用 v
， x
不 d
知道 v
酒店 n
是 v
怎麼 x
維護 x
的 uj
。 x
最 d
可氣 x
的 uj
是 v
結帳 x
時 zg
竟然 d
要求 v
客人 n
賠償 x
房間 x
裡 zg
已損壞 x
很久 a
的 uj
鞋盒 n
， x
簡直 x
是 v
訛詐 x
。 x"
164,價格,服務,"又 d
一次 m
入住 v
, x
服務 x
一如既往 i
, x
無可挑剔 x
, x
但 c
就是 d
攜程 x
的 uj
價格 x
有點 x
貴 a
了 ul
~ x"
165,環境,餐廳	服務	價格,"服務 x
好 a
， x
結賬 x
快 a
， x
門口 x
有 v
好 a
出租車 x
。 x
最 d
重要 a
的 uj
， x
早餐 n
真 d
好 a
。 x
單人間 x
價格合理 x
， x
但 c
標間 n
一個 x
人 n
住 v
不 d
太 d
合適 x
。 x"
166,,餐廳	環境,"總的來說 x
很 zg
不錯 x
， x
環境 x
很 d
好 a
， x
特別 x
是 v
早餐 n
， x
很 d
好 a
， x
很 d
有 v
競爭力 x
。 x
我 r
過年 x
這 zg
幾天 x
綜合 x
比較 x
幾個 x
四星級 x
酒店 n
的 uj
早餐 n
， x
還是 x
他家 r
的 uj
最好 a
。 x"
167,環境,餐廳	服務	交通,"優點 x
： x
大堂 n
和 c
客房部 n
的 uj
服務 x
非常 d
好 a
， x
很 zg
熱情 x
（ x
因為 c
沒有 x
冰箱 n
特地 n
幫 x
我們 x
從別 d
出弄 v
來 v
了 ul
冰塊 x
） x
特色 n
大 a
床房 n
送 v
茶香 n
枕 n
、 x
一些 m
雜誌 x
比較 x
有意思 l
地理位置 n
不錯 x
， x
周圍 x
有 v
家樂福 x
等 u
購物廣場 x
， x
交通 n
也 d
算 v
方便 a
送 v
的 uj
早餐 n
很棒 a
， x
自助餐 v
非常 d
豐盛 x
， x
中 f
西式 n
都 d
有 v
， x
加菜 v
速度 n
很快 d
缺點 x
： x
隔音 n
極差 x
， x
晚上 t
被 p
隔壁 s
的 uj
客人 n
說話 x
吵醒 v
最近 f
酒店 n
在 p
裝修 x
， x
早上 t
6 x
: x
30 m
就 d
開工 x
， x
完全 ad
睡 v
不著 v
了 ul
沒有 x
小 a
冰箱 n
電視 x
沒有 x
衛星頻道 x
設施 x
如 v
馬桶 x
、 x
毛巾 nr
稍 d
有 v
陳舊 x
， x
不過 x
還 x
行 zg"
168,,環境	服務	交通	餐廳,"上個 x
週末 x
去 v
無錫 x
， x
看 v
了 ul
諸位 x
網友 x
的 uj
推薦 x
， x
住 v
的 uj
友誼 x
， x
總體 x
感覺 x
不錯 x
。 x
總體 x
情況 x
基本上 n
前面 f
的 uj
網友 x
們 k
都 d
說 v
到 v
了 ul
， x
酒店 n
的 uj
周邊環境 x
一般 a
， x
當然 x
和 c
風景區 x
不能 v
比 p
， x
也 d
不能 v
算 v
嘈雜 x
， x
一般 a
的 uj
市區 x
非 h
繁華 x
地段 n
大抵 d
如此 c
。 x
好 a
在 p
酒店 n
彎 v
在 p
裡面 f
， x
所以 c
基本上 n
沒什麼 x
影響 x
。 x
酒店 n
邊上 x
有 v
可 v
的 uj
便利 a
， x
稍遠 x
一點 x
有 v
樂購 v
， x
交通 n
也 d
很 d
方便 a
。 x
房間 x
床 n
比較 x
硬 a
， x
衛生間 x
比較 x
小 a
， x
電腦病毒 x
比較 x
厲害 x
， x
不過 x
總體 x
來說 x
瑕不掩瑜 i
。 x
我們 x
住 v
的 uj
2 m
號 m
樓 n
商務 x
房 n
， x
房間 x
大 a
而且 c
乾淨 x
， x
衛生間 x
也 d
很 d
乾淨 x
。 x
酒店 n
的 uj
服務態度 x
非常 d
好 a
， x
check eng
- x
in eng
和 c
check eng
- x
out eng
的 uj
速度 n
也 d
很快 d
， x
特別 x
值得一提的是 l
中餐廳 x
的 uj
菜 n
很 d
不錯 x
， x
至少 d
很 d
對 p
我們 x
的 uj
胃口 n
， x
聽 x
邊上 x
的 uj
一位 m
當地人 x
說 zg
這邊 x
的 uj
無錫 x
菜 n
很 d
地道 n
。 x
是 v
一家 m
性價比 x
很高 a
的 uj
酒店 n
。 x"
169,,服務,"我 r
和 c
家人 n
於 nr
5 m
月 m
7 m
日 m
開始 x
入住 v
天府 n
陽光 x
酒店 n
， x
雖然 x
有 v
一點 x
小 a
誤會 x
， x
但 c
通過 x
攜程 x
的 uj
溝通 x
很快 d
的 uj
得到 v
了 ul
解決 x
， x
對於 x
酒店 n
積極 x
的 uj
態度 x
和 c
後來 x
細緻入微 x
的 uj
服務 x
深感 a
滿意 x
。 x
值得一提的是 l
， x
5 m
月 m
12 m
日 m
地震 n
當天 x
酒店 n
的 uj
應急 x
措施 n
及 c
對 p
客人 n
的 uj
負責 x
， x
點點滴滴 x
感受 v
到 v
酒店 n
的 uj
溫暖 x
。 x
有 v
機會 x
一定 d
要 v
再次 d
入住 v
此 zg
酒店 n
， x
並 zg
推薦 x
所有 b
的 uj
朋友 n
入住 v
此 zg
酒店 n
！ x"
170,,環境	餐廳,"房間 x
很 zg
乾淨 x
！ x
早餐 n
很 zg
豐盛 x
！ x
門童 x
很 d
好 a
！ x
已經 x
是 v
第二次 m
訂 v
那 r
了 ul
。 x
以後 x
還 d
會 v
住 v
。 x"
172,環境	服務,,"我們 x
總共 x
住 v
了 ul
3 m
晚 t
。 x
我 r
在 p
預定 x
前 f
已 d
清楚 a
地 uv
註明 x
希望 v
高層 x
房間 x
， x
當天 x
達到 x
時 ng
才 d
4 m
點 m
多 m
， x
酒店 n
就 d
以 p
房間 x
已 d
開完 v
了 ul
為 p
理由 n
給 zg
我們 x
安排 v
了 ul
一個 x
沒有 x
窗 ng
的 uj
一樓 x
房間 x
， x
當時 x
是 v
一位 m
男 n
前台 n
辦理 x
的 uj
， x
而且 c
完全 ad
不 d
理會 x
我 r
的 uj
預定 x
要求 v
。 x
我 r
的 uj
家人 n
由於 x
是 v
老人家 n
， x
沒有 x
窗 s
覺得 x
非常 d
憋氣 x
， x
而且 c
蚊子 n
多 m
得像 v
開 v
飛機 x
。 x
過 ug
了 ul
半小時 x
， x
我 r
來到 x
前台 n
要求 v
換房 x
， x
另 r
一位 m
男 n
前台 n
二話沒說 x
就 d
換 v
了 ul
一間 x
房 n
， x
但 c
還是 x
在 p
一樓 x
， x
好 a
在 p
可以 c
透氣 x
。 x
但 c
蚊子 n
還是 x
一 m
抓 v
一把 m
， x
酒店 n
解釋 x
： x
廈門 x
這個 x
季節 x
就是 d
以 p
蚊子 n
多 m
著名 a
的 uj
。 x
接下來 x
我 r
打電話 x
給 zg
攜程 x
要求 v
協調 x
， x
但 c
也 d
沒有 x
成功 a
。 x
我 r
心想 n
換 zg
一家 m
酒店 n
， x
但 c
老人家 n
又 d
不想 v
折騰 x
， x
因此 c
在 p
第 m
3 m
天才 n
換 v
了 ul
一間 x
二樓 x
的 uj
房 n
給 p
我們 x
。 x
我 r
覺得 x
攜程 x
應該 x
重視 x
客戶 x
的 uj
預定 x
需求 v
， x
要求 v
酒店 n
滿足 x
， x
如 v
不能 v
滿足 x
要 v
告知 v
客人 n
， x
否則 x
去 v
到 v
酒店 n
還要 x
生 vn
一場 x
悶氣 x
， x
什麼 x
旅遊 x
的 uj
興致 x
都 d
沒有 x
了 ul
。 x"
173,環境,交通,"前前後後 x
住 v
了 ul
好 a
多次 m
， x
位置 v
方便 a
， x
周邊 x
有 v
很多 m
吃飯 x
的 uj
地方 n
。 x
就是 d
房間 x
有點 x
小 a
。 x"
174,餐廳,交通,"以 p
本人 r
愚見 x
， x
這個 x
飯店 x
實在 x
是 v
沒什麼 x
值得 v
稱道 x
的 uj
地方 n
， x
甚至 d
想 v
找 v
一處 x
放置 v
手提電腦 x
的 uj
地方 n
都 d
很 d
困難 x
！ x
好不容易 l
擺好 x
電腦 x
卻 d
又 d
找 v
不到 v
電源 x
插口 n
， x
鬱悶 x
至極 x
！ x
早餐 n
嗎 x
？ x
別說 x
可口 v
和 c
品種 x
多樣 x
了 ul
， x
不 d
誇張 x
地 uv
說 v
， x
連 zg
填飽 x
肚子 n
都 d
成問題 x
， x
不行 v
你 r
就 d
去 v
試試 x
！ x
像 v
其他 r
評友 n
講 v
的 uj
， x
亂七八糟 x
的 uj
電話 x
接連不斷 x
， x
讓 v
你 r
不得 v
安生 an
， x
可怕 c
！ x
唯一 b
的 uj
可取之處 x
就是 d
去 v
機場 x
方便 a
。 x
勸 x
後來 x
諸君 x
勿 d
選擇 x
這家 x
酒店 n
。 x"
175,環境	餐廳,交通,"通過 x
攜程 x
預定 x
了 ul
7 m
月 m
26.27 m
的 uj
房間 x
, x
6 m
人 n
3 m
個 m
標間 n
.26 m
日 m
一大早 l
弟兄們 x
從 zg
北京 ns
開車 x
浩 nr
浩蕩 x
盪 zg
開拔 x
, x
不想 v
在 p
京 j
沈 j
灤縣 x
段 q
被 p
交警 j
轟下 x
了 ul
高速路 n
( x
前方 f
道路 n
封閉 x
) x
, x
只好 d
沿 p
102 m
國道 x
緩慢 x
運動 x
, x
全程 n
9 x
小時 x
( x
好 a
在 p
中途 b
電話 x
延長 x
了 ul
入住 v
時間 x
) x
, x
等 u
到達 x
卻 zg
當頭一棒 x
, x
酒店 n
竟然 d
說 v
因 p
接團 n
27 m
號 m
沒房 v
了 ul
, x
趕緊 x
找 v
攜程 x
客服 n
, x
最後 x
酒店 n
答應 x
協調 x
, x
誰知 x
27 m
號 m
私下 n
轉包 x
到 v
博維 nr
大酒店 n
, x
錢 n
倒 v
是 v
沒 d
多 m
花 n
, x
可 v
積分 x
...... m
只好 d
回來 x
找 v
攜程 x
客服 n
算 v
帳 q
, x
還好 x
攜程 x
客服 n
比較 x
通融 n
. x
酒店 n
印象 n
: x
3 m
間房 n
: x
2008 m
, x
4002 m
, x
5002 m
( x
6 m
人 n
3 m
間房 n
還 d
不 d
挨著 v
, x
暈 v
...... m
) x
房間 x
門鎖 x
不是 c
卡式 nz
, x
還是 x
鑰匙 x
( x
鑰匙 x
? x
以前 f
我 r
只有 c
住 v
在 p
招待所 n
才 d
用 p
鑰匙 x
) x
, x
房間 x
整體 x
裝修 x
感覺 x
較 d
舊 a
, x
牆上 x
有 v
蚊子 n
的 uj
標本 x
, x
有 v
飲水機 x
, x
可以 c
打 v
到 v
涼水 x
( x
後來 x
在 p
博維 nr
大酒店 n
就 d
沒 v
飲水機 x
, x
沒 zg
涼水 x
) x
, x
浴室 n
較 d
小 a
, x
浴缸 n
較 d
髒 yg
, x
還 x
沒有 x
隔簾 n
, x
熱水 x
還好 x
, x
隨時 x
都 d
有 v
, x
4002 m
馬桶 x
水箱 n
按鈕 x
不能 v
復位 x
, x
每次 r
要 v
把 p
水箱 n
蓋 v
拿 v
起來 x
( x
走 v
的 uj
時候 x
和 c
總台 n
說 v
了 ul
, x
不 d
知道 v
修 v
沒修 v
) x
, x
2008 m
獨立 x
空調 x
, x
4002 m
, x
5002 m
中央空調 x
, x
5002 m
中央空調 x
冷氣 x
不行 v
, x
大半夜 t
3 m
次 t
打電話 x
到 v
總台 n
都 d
冷 a
不 d
起來 x
, x
只好 d
凌晨 t
都 d
擠到 v
4002 m
( x
嚴重 x
影響 x
4002 m
客人 n
休息 v
! x
) x
, x
3 m
間房 n
都 d
沒 v
寬帶 x
, x
只有 c
寬帶 x
線 zg
( x
沒 zg
寬帶 x
有 v
寬帶 x
線算 n
怎麼 x
回事兒 x
? x
? x
? x
) x
帶 v
雙 n
早餐 n
( x
雞蛋 x
, x
粥 n
, x
花卷 n
) x
, x
還 x
不能 v
帶回 x
房 n
, x
( x
有 v
弟兄 n
睡懶覺 x
, x
結果 x
只 d
帶回 x
個 zg
雞蛋 x
) x
, x
交通 n
還好 x
, x
到 v
那裡 r
都 d
方便 a
, x
旁邊 x
有 v
飯館 x
, x
也 d
有 v
藥店 x
, x
到 v
海灘 x
( x
體育 x
基地 n
) x
還 d
得 ud
5 m
公里 q
左右 m
. x"
178,服務,環境,"我 r
住 v
的 uj
是 v
商務 x
大床 nz
房 n
, x
房間 x
雖 x
不是 c
很大 a
, x
但 c
感覺 x
蠻 x
溫馨 x
的 uj
, x
有 v
免費 x
上網 x
的 uj
電腦 x
. x
就是 d
中午 t
退房 v
時 ng
總台 n
只 d
一個 x
服務員 x
( x
可能 v
去 v
吃飯 x
了 ul
) x
, x
等 u
了 ul
會 v
時間 x
. x"
179,環境	餐廳,,"地點 x
實在太 x
偏僻 a
， x
設施 x
有點 x
破舊 x
， x
浴簾 n
霉成 v
那樣 x
竟然 d
還 d
在 p
使用 v
。 x
想要 v
借用 v
電吹風 x
， x
可 v
服務員 x
說 zg
沒有 x
， x
原來 x
其他 r
房間 x
都 d
有 v
安裝 x
電吹風 x
， x
就是 d
我 r
住 v
的 uj
標房 n
B eng
沒有 x
。 x
這樣 x
最起碼 x
的 uj
服務 x
都 d
沒有 x
， x
還 x
不如 c
人家 n
街頭 x
小 a
旅館 x
！ x
補充 x
點評 x
2007 m
年 m
4 m
月 m
16 m
日 m
： x
前台 n
服務 x
實在 x
不怎麼樣 x
， x
我 r
進 v
酒店 n
的 uj
時候 x
一大群 m
前台 n
服務員 x
不 d
知道 v
在 p
討論 x
什麼 x
， x
愣 v
是 v
沒 v
人理 n
我 r
。 x
再說 x
那個 x
早餐 n
， x
實在 x
難以 x
下嚥 x
， x
路邊 x
的 uj
早點 x
肯定 v
比 p
它 r
好吃 v
。 x"
180,服務,,"我 r
是 v
代 n
同事 n
們 zg
預訂 x
此 zg
酒店 n
， x
之前 f
聽說 x
此 zg
酒店 n
不錯 x
， x
但 c
沒想到 x
幾次 x
打電話 x
到 v
酒店 n
咨詢 vn
事情 n
， x
前台 n
服務員 x
的 uj
態度 x
非常 d
不耐煩 x
， x
非常 d
差 a
。 x
作為 v
酒店 n
， x
前台 n
是 v
舉足輕重 x
的 uj
部門 x
， x
竟然 d
有 v
這樣 x
的 uj
服務 x
， x
令 v
我 r
非常 d
失望 v
。 x"
182,環境	服務,,"剛剛 x
入住 v
是 v
發現 x
房間 x
的 uj
地毯 n
和 c
椅子 n
都 d
是 v
濕 a
的 uj
， x
打電話 x
詢問 x
時 zg
前台 n
只是 c
說明 x
了為 v
什麼 x
椅子 n
和 c
地毯 n
會 v
是 v
濕 a
的 uj
、 x
一點 x
歉意 n
都 d
沒 v
感覺 x
到 v
。 x
結果 x
只 d
給換 v
了 ul
兩把 x
椅子 n
， x
實在 x
有些 r
讓 v
人 n
不爽 a
。 x
離 zg
五星級 x
服務 x
還有 x
距離 x
。 x"
183,環境,,"10 m
月 m
1 m
－ x
3 m
日 m
入住 v
， x
該 x
酒店 n
環境 x
很 d
差 a
， x
像 v
個 q
大雜院 x
。 x
裡面 f
有 v
消防隊 x
， x
小店 n
， x
居民 n
摟 v
等 u
。 x
房間 x
設施 x
也 d
一般 a
， x
毛巾 nr
更是 d
又 d
黑 a
又 d
硬 a
， x
插地 n
還 d
差不多 l
。 x
更 d
可怕 c
的 uj
是 v
3 m
日 m
凌晨 t
小偷 d
竟 d
兩次 x
光顧 x
我 r
的 uj
房間 x
， x
而且 c
有 v
鑰匙 x
打開 x
房門 x
， x
幸虧 x
我 r
上 f
了 ul
防盜鏈 x
， x
沒有 x
進來 x
。 x
事後 x
酒店 n
方面 n
承認 x
防盜 x
壓力 x
很大 a
， x
而且 c
屢 d
有 v
客人 n
失竊 x
。 x
我 r
建議 x
攜程 x
可 v
考慮 x
推薦 x
這種 x
酒店 n
。 x
補充 x
點評 x
2007 m
年 m
10 m
月 m
11 m
日 m
： x
應為 v
： x
建議 x
攜程 x
考慮 x
取消 v
推薦 x
該 x
酒店 n
。 x"
184,環境,,"房間 x
太差 n
, x
電梯 x
愛壞 v
, x
差點 x
被 p
鎖 v
在 p
電梯 x
裡 zg
出不來 x
, x
爬 v
到 v
六樓 x
快 a
累死 v
了 ul
, x
再也不會 x
住 v
. m
強烈建議 x
大家 n
考慮 x
其他 r
經濟型 x
酒店 n
, x
如 v
家 q
越來越 x
差 a
了 ul
. m"
185,環境,,"第一 m
： x
從 zg
預訂 x
看 v
酒店 n
和 c
攜程 x
。 x
作為 v
攜程 x
的 uj
鑽石 x
客戶 x
， x
一直 d
以來 x
對 x
預訂 x
效率 n
和 c
正確率 x
都 d
比較滿意 x
， x
但 c
本次 r
預訂 x
上海 ns
世茂 nr
皇家 n
艾美 nr
酒店 n
感到 v
非常 d
氣憤 x
、 x
煩人 x
！ x
由於 x
酒店 n
方 n
出台 v
新 a
的 uj
房價 x
政策 n
（ x
連住 v
4 m
晚 t
以上 f
房價 x
） x
， x
否認 x
本人 r
已 d
確認 x
的 uj
訂單 x
（ x
連住 v
2 m
晚 t
以上 f
房價 x
） x
， x
前後 x
和 c
攜程 x
交涉 v
不下 v
20 m
次才 t
重新 a
恢復原 x
訂單 x
的 uj
有效性 n
。 x
雖然 x
此事 r
已 d
得到 v
解決 x
， x
但 c
反映 v
兩個 x
重要 a
問題 x
： x
一 m
是 v
上海 ns
世茂 nr
皇家 n
艾美 nr
酒店 n
經營 x
不 d
誠信 x
， x
在 p
攜程 x
客服 n
一再 d
確認 x
之下 f
才 d
承認 x
修改 v
過 zg
房價 x
政策 n
和 c
同意 d
按照 p
原 n
訂單 x
標準 x
收費 x
； x
二 m
是 v
攜程 x
處理 x
客戶 x
問題 x
的 uj
機制 x
反映 v
遲鈍 x
， x
並 c
有 v
不負責任 x
的 uj
表現 x
。 x
第二 m
： x
從 zg
入住 v
感受 v
看 v
酒店 n
。 x
1 x
、 x
酒店 n
地理位置 n
相當 x
優越 x
， x
出門 x
就是 d
南京路 ns
步行街 n
， x
周邊 x
都 d
是 v
中 f
、 x
西式 n
餐飲店 x
， x
這 r
是 v
我 r
看到 v
的 uj
唯一 b
優勢 x
。 x
2 x
、 x
酒店 n
坐落 v
的 uj
大樓 x
設計 x
很 zg
獨特 x
， x
成 n
三角形 n
， x
酒店 n
大堂 n
位於 x
11 m
樓 n
， x
以下 f
都 d
是 v
商場 x
， x
電梯 x
很多 m
卻 d
都 d
有 v
指定 v
的 uj
起始 v
和 c
到達 x
樓層 x
， x
從 p
1 m
樓 n
（ x
首層 x
） x
上 f
有 v
直達 x
電梯 x
， x
但 c
對於 x
要辦 x
登記 x
入住 v
的 uj
客人 n
都 d
須 d
先 d
到 v
（ x
L eng
層 q
） x
辦理 x
好 a
手續 x
再 d
轉乘 x
， x
下樓 x
更 d
麻煩 x
， x
所有 b
都 d
得 ud
先 d
到 v
（ x
L eng
層 q
） x
再 d
轉乘 x
。 x
反正 d
住 v
這 r
幾 m
酒店 n
三天 m
就是 d
在 p
電梯 x
裡 zg
轉來轉去 x
， x
絕對 x
浪費時間 x
！ x
商務 x
客人 n
勿 d
住 v
！ x
2 x
、 x
15 m
樓 n
行政 n
樓層 x
室內 x
結構 x
和 c
佈局 x
很 zg
彆扭 x
， x
洗臉 x
台 q
在 p
衛生間 x
外 f
使用 v
時 zg
難免 x
有 v
水 n
濺 v
在 p
地上 s
很滑 a
， x
沒有 x
懸掛 x
毛巾 nr
的 uj
地方 n
， x
這些 x
都 d
能 v
忍受 v
， x
但 c
床頭 n
的 uj
位置 v
正 d
對 p
著門 n
， x
中間 x
只有 c
一個 x
屏風 x
， x
晚上 t
象 n
躺 v
在 p
門口 x
睡 v
， x
床墊 n
更是 d
難受 x
！ x
太 d
高 a
太軟 x
， x
睡 v
了 ul
第二天 m
起來 x
全身 n
痛 a
！ x
更讓人 x
難以忍受 x
的 uj
是 v
這個 x
酒店 n
的 uj
被子 n
竟然 d
沒套 x
被單 x
， x
而是 c
有 v
一條 x
床單 n
隔著 v
被子 n
， x
睡 v
到 v
半夜 m
全部 n
弄 v
得 ud
亂七八糟 x
！ x
！ x
3 x
、 x
房間 x
有 v
很多 m
瓦數 n
很高 a
的 uj
燈 n
， x
研究 vn
了 ul
很久 m
才 d
知道 v
很多 m
燈 n
都 d
串聯 x
在 p
一起 m
， x
只能 v
同時 x
開啟 v
和 c
關閉 x
， x
絕對 x
浪費 x
能源 n
！ x
這 zg
就是 d
我 r
住 v
過 ug
的 uj
房價 x
兩千 x
七百多 m
的 uj
所謂 x
的 uj
皇家 n
行政 n
房 n
， x
實在 x
是 v
一家 m
性價比 x
極端 x
差 a
的 uj
酒店 n
， x
這樣 x
的 uj
酒店 n
以後 x
就是 d
免費 x
也 d
不會 x
再 d
住 v
， x
因為 c
從 p
預訂 x
到 v
入住 v
只有 c
很 zg
受氣 x
、 x
超 v
麻煩 x
、 x
不 d
舒服 a
、 x
不 d
值得 v
的 uj
感覺 x
。 x
望 v
後來者 x
三思 n
！ x"
186,,環境	服務	餐廳,"昨天 t
剛 d
從 p
南京 ns
回來 x
, x
去 v
之前 f
經過 x
反覆 v
比較 x
後 nr
挑 v
了 ul
晶麗 a
感覺 x
不管 c
是 v
門童 x
、 x
前台 n
接待 v
， x
或者 c
是 v
餐廳 x
服務員 x
都 d
經過 x
良好 a
的 uj
訓練 x
， x
那位 r
門童 x
大叔 n
還 x
仔細 x
介紹 x
到 v
夫子廟 x
該 x
怎麼 x
乘車 x
（ x
因為 c
是 v
下班 v
高峰 nr
， x
出租車 x
很 d
難 a
叫 v
到 v
） x
選 v
的 uj
商務 x
單人間 x
， x
在 p
頂樓 x
11 m
樓 n
， x
雖然 x
靠近 v
馬路 x
， x
但 c
還算 v
安靜 x"
187,,環境	服務	交通,"友誼 x
賓館 x
環境 x
絕對 x
是 v
一流 n
的 uj
， x
服務態度 x
更是 d
讓 v
人 n
心曠神怡 x
。 x
我們 x
全家 n
在 p
此 r
渡過 x
了 ul
美好 a
的 uj
三天 m
， x
感謝 x
酒店 n
的 uj
良好 a
服務 x
， x
更 d
感謝 x
攜程 x
的 uj
準確 x
預訂 x
。 x
唯一 b
不足 a
的 uj
是 v
， x
友誼 x
賓館 x
房間 x
無 zg
服務指南 x
， x
哪怕 c
是 v
簡單 x
的 uj
提示 v
， x
如 v
餐廳 x
位置 v
、 x
就餐 v
時間 x
、 x
價格 x
等 u
， x
雖然 x
服務員 x
能 v
熱情 x
解答 v
， x
但 c
總是 x
感覺 x
不 d
太 d
方便 a
。 x
補充 x
點評 x
2008 m
年 m
8 m
月 m
1 m
日 m
： x
對 x
了 ul
還有 x
一點 x
， x
去 v
海灘 x
游泳 vn
非常 d
方便 a
， x
在 p
酒店 n
換 v
好 a
衣服 n
就 d
可以 c
了 ul
， x
回來 x
沖洗 x
溫水 x
澡 n
， x
真是 d
舒服 a
。 x
下次 t
去 v
度假 v
一定 d
還 d
選 v
這裡 r
。 x"
188,服務	交通,,"我 r
真的 d
建議 x
所有 b
到 v
成都 ns
出差 v
的 uj
朋友 n
千萬 x
不要 df
入住 v
這家 x
酒店 n
， x
首先 d
這個 x
酒店 n
的 uj
位置 v
實在 x
不好 d
， x
附近 f
基本上 n
沒有 x
什麼 x
娛樂 x
， x
而且 c
因為 c
附近 f
的 uj
出租車 x
是 v
屬於 x
郊區 x
的 uj
， x
管理 vn
非常 d
不 d
嚴格 x
， x
如果 c
發現 x
不是 c
本地人 n
就 d
會 v
繞 v
很遠 x
的 uj
路 n
， x
我 r
為了 p
離 v
客戶 x
的 uj
近才 t
住 v
的 uj
這家 x
酒店 n
， x
結果 x
10 m
元 m
的 uj
路程 n
， x
出租車 x
竟然 d
給 p
我 r
繞 v
了 ul
30 m
元 m
。 x
最 d
重要 a
的 uj
是 v
這個 x
酒店 n
的 uj
服務 x
很 d
差 a
， x
行政 n
房 n
沒有 x
行政 n
待遇 n
， x
checkout eng
時候 x
竟然 d
把 p
免費 x
的 uj
服務 x
都 d
算錢 x
了 ul
。 x
而且 c
我 r
是 v
洲際 x
的 uj
金卡 n
會員 x
， x
一向 d
比較 x
重視 x
積分 x
的 uj
和 c
住宿 n
天數 x
的 uj
累計 x
， x
因為 c
我 r
是 v
攜程 x
定 v
的 uj
酒店 n
， x
這家 x
酒店 n
竟然 d
不 d
給 p
我 r
積分 x
， x
甚至 d
連 zg
一個 x
標準 x
的 uj
會員 x
入住 v
天數 x
也 d
沒有 x
給 p
我 r
累積 x
。 x
同樣 x
的 uj
在 p
成都 ns
總府路 x
附近 f
的 uj
洲際 x
下屬 x
的 uj
總府 x
皇冠 n
酒店 n
， x
服務 x
和 c
地理環境 x
非常 d
的 uj
好 a
， x
而且 c
明確 x
告訴 x
我 r
雖然 x
是 v
攜 v
成訂 v
的 uj
， x
但是 c
優悅 a
會 v
的 uj
會員卡 x
照樣 x
積分 x
， x
這裡 r
說明 x
一下 m
， x
因為 c
第一天 m
住 v
的 uj
不 a
滿意 x
， x
我 r
第二天 m
就 d
搬到 v
那邊 x
了 ul
。 x
我 r
真心 d
的 uj
建議 x
所有 b
有 v
優悅 a
會 v
會員卡 x
的 uj
朋友 n
一定 d
不要 df
住 v
這個 x
酒店 n
， x
要住 v
就 d
去 v
總府 x
皇冠 n
， x
而且 c
成都 ns
很小 a
， x
高新 d
開發區 x
離 zg
市中心 n
也 d
不是 c
很遠 x
， x
住 v
在 p
總府 x
也 d
方便 a
的 uj
。 x"
189,服務,環境	交通,"酒店 n
地理位置 n
： x
4 m
分 v
， x
地理位置 n
一般 a
， x
離 zg
火車站 x
文殊院 n
較 d
近 a
， x
出租車 x
相對 x
比較 x
好 a
叫 v
， x
大約 x
等 u
5 m
分鐘 x
左右 m
。 x
酒店 n
環境 x
： x
5 m
分 v
， x
很 d
有 v
味道 n
的 uj
芙蓉 n
文化 n
主題 x
酒店 n
， x
很 d
有 v
特色 n
， x
個人 x
很 zg
喜歡 x
， x
就是 d
作為 v
4 m
星級 x
酒店 n
來說 x
服務態度 x
稍微 d
差 a
了 ul
一點 x
。 x"
191,,環境	交通	餐廳,"早餐 n
不錯 x
, x
衛生間 x
不錯 x
. x
房間 x
還 d
算 v
大 a
的 uj
, x
位置 v
嗎 y
離 v
雨花台 n
22 m
元 m
出租車費 x
. x"
192,服務,,"朋友 n
來蘇 x
州 n
， x
想想 v
就 d
推薦 x
御庭 n
吧 y
， x
誰 r
讓 v
這裡 r
離 v
的 uj
近 a
呢 y
。 x
到 v
了 ul
門口 x
才 d
想 v
起來 x
， x
還 d
沒 v
預定 x
， x
立即 d
撥打 x
4008206666 m
， x
通 v
了 ul
， x
車 n
也 d
到 v
了 ul
門口 x
， x
門衛 x
問 zg
： x
有沒有 x
預定 x
， x
回答 v
： x
正在 t
預定 x
， x
請 zg
抬起 v
欄杆 x
， x
我們 x
到 v
前台 n
。 x
門衛 x
： x
不 d
可以 c
問 zg
： x
為 zg
什麼 x
？ x
門衛 x
： x
沒有 x
預定 x
不能 v
進問 v
： x
我們 x
可以 c
到 v
前台 n
直接 ad
預定 x
門衛 x
： x
不 d
可以 c
， x
已經 x
沒 zg
房間 x
了 ul
問 n
： x
你 r
怎麼 x
知道 v
？ x
我們 x
正在 t
聯繫 x
前台 n
， x
而且 c
你 r
大哥 n
電話 x
問 zg
一下 m
， x
或 c
讓 v
我們 x
進去 x
直接 ad
問 zg
一下 m
， x
如果 c
沒有 x
房 n
我們 x
轉身 x
就 d
走 v
， x
你 r
又 d
沒有 x
什麼 x
損失 x
。 x
門衛 x
： x
就是 d
不 d
可以 c
， x
沒 zg
房間 x
， x
而且 c
有 v
規定 x
沒有 x
預定 x
不能 v
進 zg
。 x
問 zg
： x
那 r
我 r
現在 x
和 c
你 r
說 v
有 v
預定 x
， x
是不是 l
就 d
可以 c
進去 x
了 ul
？ x
...... m
但是 c
任憑 x
我們 x
如何 r
解釋 x
都 d
沒有 x
辦法 x
挪動 x
一步 m
， x
這時 x
後面 x
來 v
了 ul
車 n
要 v
進入 x
酒店 n
， x
由於 x
我 r
的 uj
車 n
被 p
攔住 x
， x
結果 x
誰 r
都 d
沒法 x
進去 x
。 x
此時 x
攜程 x
的 uj
電話 x
已經 x
回 v
復 zg
， x
房間 x
已經 x
訂好 x
， x
可以 c
立即 d
入住 v
。 x
他 r
也 d
接到 v
前台 n
的 uj
通知 v
， x
於是 x
抬 v
桿放車 n
， x
但是 c
居然 d
連 zg
道歉 v
的話 x
也 d
沒有 x
， x
並且 x
絲毫 x
不 d
覺得 x
自己 r
做 v
的 uj
不 d
對 p
。 x
這時 x
我心 n
裡 f
的 uj
火 n
已經 x
燒到 v
頭頂 x
， x
實在 x
是 v
無法 x
抑制 v
， x
所以 c
也 d
就是 d
大聲 x
喝斥 v
了 ul
他 r
幾句 x
「 x
你 r
憑 p
什麼 x
說 zg
沒有 x
房間 x
？ x
」 x
還好 x
朋友 n
並 zg
不在意 i
。 x
不過 x
對於 x
這樣 x
的 uj
管理 vn
， x
這樣 x
的 uj
服務態度 x
實在 x
是 v
讓 v
人 n
氣憤 x
。 x
門衛 x
如果 c
給 zg
酒店 n
前台 n
打 v
個 q
電話 x
其實 x
很 zg
容易 a
知道 v
是否 v
有 v
房 n
， x
而 c
這樣 x
做 v
對 p
酒店 n
本身 r
也 d
沒有 x
任何 r
好處 x
， x
明明 t
有 v
房 n
就是 d
不賣 v
， x
難道 x
酒店 n
這麼 x
財大氣粗 x
， x
店大欺客 vn
？ x
賓館 x
反饋 x
2008 m
年 m
8 m
月 m
14 m
日 m
： x
感謝您 x
選擇 x
併入 x
住 v
蘇州 x
御庭 n
酒店 n
公寓 n
, x
您提 l
的 uj
寶貴意見 x
, x
我們 x
酒店 n
引起 v
了 ul
高度重視 x
, x
將 zg
不斷 x
努力 ad
積極 x
的 uj
改進 x
, x
能 v
為 p
所有 b
客人 n
創造 x
一個 x
美好 a
、 x
溫馨 x
、 x
舒適 x
的 uj
居住 v
環境 x
, x
衷心感謝 x
您 r
對 p
我們 x
酒店 n
的 uj
支持 v
. x"
193,服務,交通,"酒店 n
位置 v
在 p
交通 n
十字路口 l
， x
服務員 x
一問三不知 x
！ x
該 x
酒店 n
原名 n
叫 v
什麼 x
華夏 x
酒店 n
， x
估計 x
為了 p
吸引 v
顧客 x
， x
起 v
了 ul
個洋 n
名成 v
了 ul
「 x
雷 n
夢得 x
。 x
。 x
。 x
。 x
。 x
」 x
， x
不必 d
住 v
此 r
店 n
了 ul
！ x"
194,環境,,"我 r
主在 b
709 m
房間 x
， x
該 x
房間 x
空調 x
聲音 x
巨大 a
( x
門外 x
都 d
可以 c
聽到 x
) x
， x
浴缸 n
沒有 x
防滑墊 x
， x
浴缸 n
水龍頭 x
把手 v
輕輕 x
一 m
碰 v
便 d
會 v
整個 x
脫落 x
， x
房間 x
沒有 x
燈光 x
總 zg
控制 v
。 x
電話 x
竟然 d
是 v
壞 a
的 uj
， x
沒有 x
聲音 x
。 x
飯店 x
入口 ns
很 d
難 a
找 v
， x
前台 n
不但 c
小 a
， x
而且 c
一片 m
混亂 x
。 x"
195,,環境	服務,"房間 x
還是 x
比較 x
舒適 x
的 uj
, x
酒店 n
服務 x
良好 a
, x
大廳 x
明亮 a
整潔 x"
199,環境,,"風格 x
就是 d
快捷酒店 n
， x
不過 x
服務 x
和 c
得到 v
的 uj
優秀 x
酒店 n
稱號 x
相差 v
好 a
遠 a
， x
我 r
住 v
的 uj
是 v
商務 x
大床 nz
房 n
， x
是 v
最靠 a
走廊 n
盡頭 x
的 uj
單人間 x
， x
房間 x
異味 x
很濃 x
， x
灰色 n
的 uj
沙發 x
很髒 x
， x
有 v
好幾個 x
破洞 n
， x
房內 x
的 uj
網線 x
是 v
鐵通 x
的 uj
， x
但 c
「 x
鐵定 x
不通 a
」 x
周圍 x
沒有 x
商店 n
， x
以後 x
不會 x
再 d
住 v
了 ul
。 x"
200,,環境,"免費 x
接機 x
用 p
的 uj
轎車 x
。 x
寬帶 x
上網 x
只是 c
一個 x
擺設 x
， x
根本 a
不能 v
上網 x
， x
叫 v
了 ul
幾次 x
前台 n
也 d
沒有 x
解決 x
， x
最後 x
只能 v
用 p
電話線 x
撥號 x
。 x
我 r
住 v
的 uj
客房 n
面對 x
公路 n
， x
隔音 n
效果 n
不好 d
， x
早上 t
卡車 x
經過 x
很 d
吵 v
。 x
晚上 t
有 v
小姐 nr
騷擾電話 x
。 x
對面 x
有 v
韓國 x
旅行團 x
入住 v
， x
小姐 nr
進出 x
頻繁 x
。 x
聽 x
朋友 n
說 v
那裡 r
的 uj
小姐 nr
比較 x
宰客 nr
， x
談 v
好 a
的 uj
價錢 x
只是 c
台費 n
， x
最後 x
還 d
會 v
另收 v
天價 x
小費 x
， x
不 d
給 p
的話 x
， x
會 v
有 v
雞頭 x
進來 x
跟 p
你 r
談 v
， x
挺 d
恐怖 a
的 uj
， x
最好 a
不要 df
嘗試 x
。 x"
201,環境	服務	餐廳,,"之前 f
還 x
可以 c
, x
這次 x
去 v
, x
房間 x
地毯 n
都 d
是 v
黑 a
的 uj
, x
很 d
贓 ng
, x
自助餐 v
有夠 v
難吃 x
, x
服務員 x
比 p
經理 x
人數 x
還 d
少 a
, x
整個 x
酒店 n
好像 v
有點 x
要 v
關門大吉 x
的 uj
感覺 x
. x"
203,環境	交通	餐廳,,"這個 x
旅館 x
沒有 x
餐廳 x
， x
服務員 x
讓 x
我們 x
到 v
他們 x
的 uj
4 m
公里 q
外 f
的 uj
天天 t
福 ns
飯店 x
吃飯 x
， x
結果 x
我們 x
被 p
宰 v
了 ul
耶 nr
。 x
再 d
去 v
入住 v
者 k
千萬別 x
受騙上當 x
啊 zg
。 x
補充 x
點評 x
2007 m
年 m
11 m
月 m
24 m
日 m
： x
這個 x
小 a
旅館 x
非常 d
差 a
呀 y
， x
你們 x
千萬 x
不要 df
再 d
去 v
入住 v
這個 x
酒店 n
啊 zg
， x
雖然 x
很遠 x
就 d
能 v
看見 x
了 ul
在 p
房子 n
上 f
的 uj
招牌 v
， x
但 c
到 v
了 ul
房前 s
轉 v
了 ul
3 m
圈 q
也 d
找 v
不到 v
進入 x
的 uj
小門 x
， x
還 d
被 p
警察 v
以 p
違反 x
交通 n
處罰 x
了 ul
。 x
好容易 l
到 v
了 ul
房子 n
前 f
， x
一 m
看 v
是 v
一片 m
亂地 z
， x
到處 x
是 v
建築 x
垃圾 n
， x
車 zg
無法 x
進入 x
， x
無處 x
停放 v
轎車 x
。 x
這個 x
旅館 x
沒有 x
餐廳 x
， x
出去 v
走 v
了 ul
1000 m
米 m
也 d
不能 v
找到 v
吃飯 x
的 uj
地方 n
， x
到處 x
是 v
大 a
商場 x
和 c
購物 x
商店 n
。 x
房間內 x
的 uj
設施 x
陳舊 x
的 uj
很 d
耶 nr
， x
白色 n
的 uj
毛巾 nr
已 d
經變 x
了 ul
黃色 x
也 d
不 d
更換 x
， x
毛巾 nr
的 uj
四周 m
都 d
是 v
線 n
了 ul
， x
甚至 d
還 d
破 v
了 ul
幾個 x
洞 n
仍 d
在 p
給 p
我們 x
擦 v
臉 n
耶 nr
， x
一 m
想 v
就 d
噁心 x
死 v
了 ul
。 x
攜程 x
怎麼 x
還 d
能 v
將 d
這種 x
民工 n
都 d
不 d
去 v
住 v
的 uj
小 n
旅館 x
給 zg
我們 x
推薦 x
， x
太 d
不負責任 x
了 ul
吧 y
。 x
趕快 x
從 zg
定房 n
目錄 x
中 f
刪除 x
掉 zg
。 x"
204,,環境	服務	餐廳,"房間 x
很 zg
乾淨 x
！ x
早餐 n
很 zg
豐盛 x
！ x
門童 x
很 d
好 a
！ x
已經 x
是 v
第二次 m
訂 v
那 r
了 ul
。 x
以後 x
還 d
會 v
住 v
。 x"
206,價格,環境	交通,"1. m
交通 n
方便 a
， x
靠近 v
地鐵站 x
； x
2. m
安靜 x
、 x
乾淨 x
、 x
舒適 x
； x
3. m
價格 x
偏貴 a
（ x
房價 x
、 x
餐飲 x
、 x
上網 x
） x
。 x"
207,環境,餐廳	交通	服務,"飯店 x
地理位置 n
是 v
非常適合 x
夏天 t
度假 v
的 uj
地方 n
, x
硬件 n
設施 x
差 a
於 nr
5 m
星 n
, x
服務 x
達標 x
, x
早餐 n
自助餐 v
比較簡單 x
, x
打 v
的 uj
比較 x
困難 x
. x"
209,餐廳	環境,服務	交通,"飯店 x
地理位置 n
是 v
非常適合 x
夏天 t
度假 v
的 uj
地方 n
, x
硬件 n
設施 x
差 a
於 nr
5 m
星 n
, x
服務 x
達標 x
, x
早餐 n
自助餐 v
比較簡單 x
, x
打 v
的 uj
比較 x
困難 x
. x"
210,環境,服務,"我 r
住 v
的 uj
豪華 x
房 n
, x
被子 n
太 d
厚 a
, x
晚上 t
睡覺 x
超熱 v
, x
前台 n
小姐 nr
服務態度 x
一般 a
, x
沒 zg
見到 x
笑臉 x
. x
賓館 x
服務 x
較 d
好 a
. m"
211,環境	服務,,"房間 x
太 d
髒 yg
, x
竟然 d
沒有 x
熱水 x
, x
本樓 n
服務員 x
說 zg
鍋爐 x
壞 a
了 ul
修理 v
不了 v
, x
. m
我 r
要求 v
換房 x
間 zg
, x
既然 c
回答 v
說 zg
全部 n
三個 x
樓 n
都 d
沒有 x
熱水 x
, x
明顯 x
騙人 x
! x
還 d
說 v
沒有 x
空房間 x
了 ul
. m
我 r
說 v
那 r
我 r
搬走 v
不住 v
了 ul
, x
明確 x
告訴 x
那 r
兩個 x
自作 vn
聰 a
? x"
212,餐廳,服務,"訂 v
的 uj
商務 x
大床 nz
房 n
， x
整體 x
還 x
可以 c
， x
裡面 f
設施 x
雖 x
簡單 x
但 c
比較 x
人性化 n
； x
酒店 n
服務 x
人員 x
態度 x
很 d
好 a
， x
很 zg
熱情 x
， x
就是 d
早餐 n
不是 c
很 zg
好吃 v
的 uj
。 x"
214,環境,,"這 zg
酒店 n
太爛 x
了 ul
， x
左 m
、 x
右 f
及 c
後邊 x
是 v
3 m
個 m
大型 b
的 uj
娛樂場所 x
， x
吵鬧聲 x
一直 d
到 v
凌晨 t
3 m
點 m
多 m
， x
酒店 n
隔音 n
很 d
差 a
。 x
房間 x
裝修 x
很俗 a
， x
中央空調 x
聲音 x
很 d
響 v
。 x
賓館 x
反饋 x
2008 m
年 m
7 m
月 m
15 m
日 m
： x
尊貴 x
的 uj
客人 n
， x
謝謝您 x
對 p
本 r
酒店 n
提出 v
寶貴 x
的 uj
意見 x
。 x
我們 x
非常 d
地 uv
抱歉 v
在 p
您 r
入住 v
本 r
酒店 n
期間 x
給 p
您 r
帶來 x
的 uj
不便 c
, x
對於 x
您 zg
提出 v
空調 x
響 v
的 uj
問題 x
, x
我們 x
酒店 n
管理層 x
非常重視 x
, x
馬上 x
找 v
專業 x
人員 x
改善 v
空調 x
的 uj
問題 x
， x
今後 x
我們 x
將 zg
不斷改進 x
我們 x
的 uj
不足 a
, x
為 p
您 r
及 c
所有 b
賓客 x
提供 v
更 d
優質服務 x
, x
再次 d
感謝您 x
, x
並 zg
期待 v
您 r
的 uj
下次 t
光臨 x
, x
謝謝 x
! x"
215,環境	價格,,"是 v
拿 v
原來 x
一棟 x
老樓 n
改建 v
的 uj
， x
裝修 x
很 d
新 a
， x
但 c
房間內 x
地面 n
沒有 x
地毯 n
， x
感覺 x
冷冰冰 nr
。 x
隔牆 x
隔音 n
很 d
差 a
， x
晚上 t
被 p
隔壁 s
做愛 x
的 uj
聲音 x
吵得 v
沒法 x
睡 v
。 x
電視頻道 x
太 d
少 a
， x
只有 c
5 m
個 m
。 x
網絡帶寬 x
太小 n
， x
只能 v
收發 x
電郵 x
， x
下載 x
東西 x
簡直 x
是 v
做夢 x
。 x
價格 x
還 x
算 v
便宜 a
。 x"
216,環境,餐廳	服務,"酒店 n
的 uj
服務員 x
服務 x
很 zg
規範 x
, x
早餐 n
品種 x
豐富 x
。 x
緊挨 x
路邊 x
， x
周邊環境 x
有點 x
吵 v
， x
很 zg
早就 d
有 v
大卡車 x
鳴笛 x
。 x
可能 v
是 v
住 v
得 ud
太 d
高 a
的 uj
緣故 x
( x
住 v
頂樓 x
6 m
樓 n
) x
, x
晚上 t
洗澡 v
洗 v
到 v
一半 m
沒有 x
熱水 x
了 ul
, x
過 ug
了 ul
約 d
1 m
分鐘 x
才 d
慢慢來 x
水 n
. m
這 r
在 p
冬天 t
是 v
較 d
難忍 x
受 v
的 uj
. m"
217,環境	交通,,"酒店 n
位置 v
較差 x
， x
交通 n
極其 x
不便 c
。 x
房間 x
較 d
小 a
， x
頂多 x
三星級 x
標準 x
， x
周邊環境 x
較差 x
。 x
我 r
是 v
住 v
上 f
後 nr
， x
感覺 x
不太好 v
， x
在 p
下午 t
6 m
點 m
前 f
退房 v
， x
結果 x
要 v
收 v
全價 x
， x
真令人 n
失望 v
。 x"
218,,交通,"這次 x
去 v
是 v
在 p
香港 ns
掛 zg
黑色 n
暴雨 n
警報 x
那天 r
， x
本 r
想 v
取消 v
的 uj
， x
但是 c
之前 f
給 zg
攜程 x
打電話 x
想 v
取消 v
， x
攜程 x
和 c
酒店 n
溝通 x
後 nr
說 v
是 v
不 d
可以 c
， x
只好 d
冒雨 v
前去 t
。 x
結果 x
去 v
了 ul
才 d
知道 v
， x
原來 x
我們 x
活動 x
的 uj
區域 x
沒雨 v
。 x
去時 t
跟 p
酒店 n
前台 n
說 v
要 v
層數 x
高 a
的 uj
， x
結果 x
安排 v
了 ul
27 m
樓 n
， x
很 zg
擔心 x
是 v
民居 n
中間 x
， x
結果 x
很 zg
滿意 x
， x
可以 c
看到 v
很遠 x
的 uj
地方 n
， x
是 v
個 q
行政 n
套房 n
。 x
衛生間 x
真的 d
是 v
沒 d
讓 v
我 r
出乎意料 l
的 uj
小 n
， x
但是 c
乾淨 x
整潔 x
。 x
交通 n
相當 x
方便 a
， x
離 zg
地鐵站 x
很 d
近 a
， x
關鍵 x
要 v
摸清 v
小路 n
的 uj
走法 n
。 x
對 x
酒店 n
整體 x
感覺 x
滿意 x
， x
下次 t
去 v
還 d
會 v
考慮 x
再次 d
入住 v
。 x
但是 c
在 p
後面 x
的 uj
確認 x
階段 x
攜程 x
的 uj
效率 n
太 d
低下 v
， x
從 zg
定單 x
狀態 x
錯誤 x
投訴 x
到 v
最終 x
確認 x
， x
已經 x
過去 x
了 ul
2 m
個 m
星期 t
。 x"
219,環境	交通,,"我 r
在 p
國慶 x
前住 v
了 ul
6 m
樓 n
的 uj
一間 x
朝街 ns
的 uj
房間 x
， x
特別 x
吵 v
。 x
晚上 t
很晚 d
的 uj
時候 x
， x
外面 f
還是 x
大卡車 x
開來開去 x
。 x
早上 t
天 q
還 d
沒亮 x
， x
就是 d
卡車 x
的 uj
聲音 x
。 x
也許 x
不 d
朝 p
街 n
的 uj
房間 x
會 v
好 a
點 q
。 x
還有 x
就是 d
衛生間 x
特別 x
小 a
， x
小 a
得 ud
只能 v
容 a
一個 x
人 n
轉身 x
。 x
酒店 n
不 d
提供 v
一次性 d
的 uj
香皂 n
， x
我 r
是 v
跟 p
他們 x
要 v
才 d
給 p
的 uj
， x
還好 x
， x
免費 x
。 x
衛生狀況 x
一般 a
， x
將 d
就 d
吧 y
。 x"
220,環境,,"房間 x
設施 x
陳舊 x
， x
氣味 x
太重 n
， x
床單 n
上 f
有 v
黃色 x
斑點 x
。 x
免費 x
註冊 x
網站 x
導航 x
賓館 x
索引 nr
服務 x
說明 x
關於 x
攜程 x
誠聘 x
英才 nr
代理 n
合作 vn
廣告業務 x
聯繫 x
我們 x
Copyright eng
? x
1999 m
- x
2008 m
, x
ctrip eng
. m
com eng
. m
allrightsreserved eng
. m"
222,環境,服務,"真 d
不可 v
思意 n
， x
一周 m
後 nr
再次 d
入住 v
該 x
酒店 n
還是 x
給 p
我 r
上次 t
入住 v
的 uj
1017 m
房 j
（ x
單人間 x
） x
， x
因 p
房間 x
靠近 v
酒店 n
內部 x
的 uj
風道 x
控制系統 x
， x
噪聲 x
實在太 x
大 a
， x
第二天 m
在 p
強烈要求 x
更換 x
房間 x
， x
酒店 n
答應 x
了 ul
我 r
的 uj
要求 v
， x
當晚 x
才 d
得以 v
安睡 v
。 x"
223,,交通,"地理位置 n
很 zg
方便 a
, x
就是 d
緊挨 x
著 n
火車站 x
, x
有點 x
鬧心 x
. x
房間 x
的 uj
配置 v
還 d
看 v
的 uj
過去 x
, x
比 p
四星 nz
差點 x
, x
比 p
三星 nz
強點 x
. x
亮點 x
是 v
衛生間 x
有 v
可以 c
直接 ad
飲用 x
的 uj
水龍頭 x
. x"
224,環境	服務,,"服務 x
太 d
不好 d
了 ul
， x
晚上 t
房間 x
的 uj
蚊子 n
太 d
多 m
了 ul
， x
人性 n
的 uj
關懷 x
不好 d"
226,環境	交通,,"酒店 n
房間 x
小 a
， x
設施 x
陳舊 x
， x
酒店 n
靠 v
馬路 x
， x
窗戶 x
很 d
不 d
隔音 n
， x
影響 x
休息 v"
228,,餐廳	服務,"在 p
洛陽 x
的 uj
酒店 n
中 f
還是 x
不錯 x
的 uj
, x
餐廳 x
也 d
可以 c
, x
服務 x
也 d
不錯 x
. x"
229,環境	服務	交通	餐廳,,"請 v
協成 v
不要 df
再 d
介紹 x
是 v
准 v
四星 nz
未 d
掛牌 x
的 uj
該 r
酒店 n
， x
最好 a
不要 df
再 d
與 p
這家 x
酒店 n
合作 vn
， x
有損 x
你們 x
公司 n
聲譽 x
。 x
還 x
不如 c
好 a
的 uj
招待所 n
， x
只有 c
表面 n
功夫 n
， x
位置 v
很 d
吵 v
， x
旁邊 x
就是 d
公路 n
， x
服務 x
很 d
差 a
， x
整個 x
酒店 n
很髒 x
， x
床單 n
， x
枕套 n
， x
地毯 n
。 x
。 x
。 x
只能 v
和衣而睡 l
， x
半夜 m
空調 x
變暖 x
氣 zg
， x
熱 a
死 v
你 r
， x
浴室 n
髒 x
， x
不敢 d
洗澡 v
。 x
早餐 n
無法 x
吃 v
， x
餐具 n
髒 x
， x
食物 n
差 a
。 x
在 p
酒店 n
的 uj
一家 m
旅行社 n
也 d
很 d
不 d
正規 x
。 x
第二天 m
立刻 d
走 v
人 n
， x
心情 n
差 a
。 x
補充 x
點評 x
2007 m
年 m
10 m
月 m
8 m
日 m
： x
當然 x
服務生 x
也 d
很 d
差 a"
231,,環境	交通,"地段 n
不錯 x
, x
房間 x
雖 c
小 a
但 c
乾淨 x
, x
適合 x
商務活動 x
. x"
233,服務,,"很小 a
的 uj
一個 x
酒店 n
， x
在 p
小區 x
裡 zg
， x
去 v
馬路 x
大約 x
要 v
走 v
2 m
- x
3 x
分鐘 x
， x
酒店 n
淋浴 n
水 n
比較 x
小 a
， x
特別 x
不 d
滿意 x
的 uj
是 v
竟然 d
不能 v
延遲 x
至 p
2 m
點 m
退房 v
， x
只能 v
到 v
12 m
點 m
半 m
， x
否則 x
要 v
加收 v
半天 m
房費 x
， x
在外 v
吃飯 x
或 c
中午 t
要 v
小 a
休 v
一會 x
的 uj
朋友 n
要 v
注意 v
了 ul
。 x
現在 x
的 uj
酒店 n
不 d
延遲 x
退房 v
的 uj
還 d
沒 v
遇到 v
， x
這 r
是 v
我 r
遇到 v
的 uj
第一家 m
。 x"
234,環境	服務,,"真的 d
很 d
差 a
， x
就 d
這個 x
價格 x
來說 x
完全 ad
可以 c
在 p
桂林 nr
住 v
到 v
更好 d
的 uj
酒店 n
， x
前台 n
服務員 x
態度 x
一般 a
， x
入住 v
之後 x
， x
空調 x
有 v
問題 x
， x
房間 x
衛生間 x
沒有 x
完全 ad
隔開 x
， x
不 d
方便 a
！ x
反正 d
很 d
不 d
滿意 x
， x
建議 x
不要 df
入住 v"
236,環境	價格,,"這個 x
價格 x
來說 x
酒店 n
糟透了 n
. x
大堂 n
很 d
差 a
很髒 x
, x
我 r
訂 v
的 uj
是 v
商務 x
套房 n
, x
客廳 x
裡 zg
居然 d
窗戶 x
都 d
沒有 x
, x
燈光 x
昏暗 a
. x
所有 b
的 uj
洗淑 a
用品 n
包括 v
毛巾 nr
質量 x
都 d
很 d
差 a
. m
房間 x
有 v
一股 m
味道 n
. m
用 p
我 r
的 uj
筆記本 x
上網 x
時好時壞 x
, x
到 v
後來 x
索性 n
就 d
連不上 x
了 ul
, x
我 r
只好 d
用 p
自己 r
的 uj
無線 x
都 d
比 p
它 r
的 uj
強 a
. m
反正 d
以後 x
不會 x
再 d
考慮 x
這家 x
了 ul"
238,環境	服務,,"實話 x
說 zg
， x
此 zg
酒店 n
有愧 a
其 r
大堂 n
掛 v
的 uj
四星 nz
的 uj
牌子 n
。 x
房間 x
除了 p
面積 x
尚可 d
外 f
裝修 x
和 c
內置 x
相當 x
一般 a
， x
恐怕 d
還 d
達 v
不到 v
三星 nz
標準 x
。 x
只有 c
一些 m
房間 x
有 v
網絡 x
， x
雖然 x
很 zg
先進 x
的 uj
用 n
wifi eng
， x
但是 c
信號 x
非常 d
弱 a
。 x
洗澡 v
的 uj
時候 x
發現 x
沒有 x
沐浴液 nz
， x
服務員 x
的 uj
工作 vn
態度 x
十分 m
馬虎 x
。 x"
240,價格,,"酒店 n
服務 x
還 x
可以 c
， x
就是 d
設施 x
有點 x
舊 a
了 ul
， x
抽水馬桶 x
壞 a
了 ul
（ x
應該 x
是 v
自動 x
上 f
水 n
裝置 x
出現 x
問題 x
） x
， x
每次 r
衝過 p
水 n
後 nr
， x
水 n
還是 x
不斷 x
的 uj
流 n
， x
為了 p
節約用水 x
（ x
水 n
很 d
寶貴 x
， x
不能 v
浪費 x
） x
， x
我 r
就 d
把 p
馬桶 x
後面 x
的 uj
水閥 x
關掉 x
。 x
本來 x
準備 x
住 v
兩天 x
， x
可是 c
看 v
酒店 n
的 uj
設施 x
太差 n
， x
住 v
了 ul
一天 m
就 d
去 v
義烏 x
了 ul
， x
在 p
義烏 x
住 v
兩天 x
。 x
這家 x
酒店 n
價位 x
比 p
義烏 x
的 uj
假日 t
之 u
星 n
連鎖 x
酒店 n
貴 x
， x
但是 c
設施 x
還 x
沒有 x
假日 t
之 u
星 n
的 uj
設施 x
好 a
。 x"
241,餐廳,環境	服務,"距 n
拱北 ns
關口 x
近 a
， x
標準間 x
太小 n
， x
豪華 x
大床 n
不錯 x
， x
服務 x
好 a
早餐 n
不好 d
太 d
草率 n
了 ul
其他 r
還 x
不錯 x"
243,,餐廳,"在 p
保定 v
, x
應該 x
說 v
是 v
最好 a
的 uj
酒店 n
了 ul
, x
那裡 r
的 uj
餐廳 x
給 zg
酒店 n
加 v
分 v
不少 d
. x"
244,餐廳	交通,,"酒店 n
比較 x
偏 a
了 ul
， x
雖然 x
是 v
在 p
東方 x
路上 s
， x
周圍 x
也 d
沒什麼 x
餐館 x
可以 c
吃飯 x
的 uj"
245,環境,,"房間 x
設施 x
相當 x
差 a
， x
馬桶 x
圈 q
居然 d
小 a
了 ul
一大 a
圈 q
， x
浴缸 n
的 uj
水 n
直接 ad
排 v
到 v
衛生間 x
的 uj
下水道 n
， x
洗 v
個 q
澡 ng
弄 v
的 uj
衛生間 x
裡 f
全是 n
水 n
， x
門卡 nr
居然 d
也 d
沒有 x
， x
說 v
是 v
給 p
交警大隊 x
隊長 x
了 ul
， x
進出 x
得 ud
要 v
服務員 x
開門 x
。 x
對面 x
就是 d
火車站 x
， x
以後 x
絕對 x
不能 v
找 v
火車站 x
附近 f
的 uj
酒店 n
， x
太坑 n
了 ul
！ x"
248,環境,餐廳	服務	交通,"酒店 n
員工 x
服務 x
不錯 x
， x
地理位置 n
優越 x
， x
早餐 n
也 d
很 d
好 a
。 x
但是 c
酒店 n
房間 x
內部 x
設施 x
較 d
為 p
陳舊 x
， x
房屋 n
面積 x
也 d
較 d
小 a
， x
與 zg
新建 ns
經濟性 x
酒店 n
相比 v
優勢 x
不大 a
， x
未 d
體現 x
出 v
四星級 x
的 uj
水準 x
。 x
目前 t
周邊地區 x
正在 t
進行 x
拆遷 x
建設 x
， x
樓下 x
晚上 t
就 d
有 v
施工 vn
情況 x
， x
好 a
在 p
我 r
在 p
屋內 x
未 d
聽到 x
施工 vn
聲音 x
。 x
總體 x
上 f
講 v
， x
性價比 x
一般 a
。 x"
249,價格,環境,"幫 x
一位 m
老外 n
客戶 x
訂 v
的 uj
， x
環境 x
不錯 x
， x
值得 v
推薦 x
， x
住 v
的 uj
是 v
豪華 x
房 n
， x
只是 c
價格 x
太 d
高 a
， x
希望 v
攜程 x
能 v
與 p
酒店 n
再 d
談下 v
價 n
， x
更 d
再 d
便宜 a
就 d
好 a
了 ul
， x
客戶 x
說 zg
下次 t
還 x
會來 x
住 v
！ x"
250,,環境	服務	價格	交通,"房間 x
很 d
好 a
， x
位置 v
離 zg
地鐵站 x
很 d
近 a
。 x
服務 x
也 d
很 d
好 a
。 x
價錢 x
公道 n
。 x
大廳 x
經理 x
， x
副理 n
都 d
很 d
好 a
。 x"
251,環境	交通,,"彭 nr
年 m
酒店 n
太 d
處於 x
鬧市 x
停車 x
不 d
方便 a
， x
房間 x
有 v
異味 x
， x
尤其 d
脫離 x
希爾頓 x
後 nr
感覺 x
差 a
很多 m
。 x"
254,,環境	服務,"很 zg
不錯 x
， x
服務 x
和 c
房間 x
設施 x
等 u
都 d
很 d
好 a
。 x
我 r
是 v
端午節 x
和 c
女朋友 n
一起 m
去 v
的 uj
， x
女朋友 n
手機 x
沒電 x
可問 v
總台 n
借 v
萬能 x
充電器 x
， x
很快 d
就 d
送來 x
了 ul
。 x
那 r
的 uj
飯菜 x
也 d
很 d
不錯 x
， x
好吃 v
， x
呵呵 v
。 x
總的來說 x
很 d
好 a"
255,環境	交通	價格,,"因為 c
去 v
長壽路 x
辦事 x
， x
於是 x
訂 v
了 ul
這個 x
酒店 n
， x
但 c
卻是 x
我 r
在 p
上海 ns
住 v
過 ug
的 uj
最 a
差勁 x
的 uj
酒店 n
！ x
酒店 n
是 v
單棟 nr
建築 x
， x
周邊 x
沒有 x
綠化 x
等 u
任何 r
美化 ns
的 uj
環境 x
。 x
門口 x
叫 v
車 n
超級 x
難 zg
， x
因為 c
上海 ns
的 uj
司機 x
不知 v
為 zg
什麼 x
在 p
這個 x
酒店 n
附近 f
都 d
不 d
停車 x
， x
只有 c
當 p
有 v
乘客 n
正好 a
在 p
這個 x
位置 v
下車時 x
才能 v
叫 v
到 v
， x
在 p
門口 x
吹風 x
真是 d
冷 a
死 v
凍死 x
！ x
大堂 n
在 p
六樓 x
， x
樓下 x
沒有 x
停車場 x
， x
地下室 n
停車場 x
很小 a
， x
高級 x
大 a
床間 n
很小 a
又 d
不 d
方正 nr
， x
是 v
個 q
三角形 n
的 uj
結構 x
， x
床 n
對 p
著門 n
， x
躺 v
在 p
床上 n
有 v
一種 x
很 d
不 d
安全 an
的 uj
感覺 x
， x
因為 c
一 m
開門 x
就 d
看到 v
人 n
， x
難道 x
攜程 x
預訂 x
的 uj
就 d
只能 v
排 v
這種 x
房間 x
？ x
！ x
房間 x
的 uj
設施 x
設備 x
勉強 x
三星 nz
， x
將近 x
六百塊 x
一 m
晚 tg
真的 d
很 zg
划不來 x
， x
下次 t
絕對 x
不會 x
再 d
踏入 v
這個 x
酒店 n
， x
也 d
會 v
和 c
朋友 n
說 v
到 v
上海 ns
千萬 x
不要 df
住 v
這個 x
酒店 n
， x
性價比 x
太 d
低 a
了 ul
！ x
！ x
！ x"
256,環境,交通,"位置 v
很 d
好 a
， x
在 p
中山 ns
廣場 x
和卓展 nr
廣場 x
附近 f
， x
有 v
超市 v
， x
但是 c
酒店 n
房間 x
較 d
小 a
， x
設施 x
老 a
舊 a
， x
有 v
很大 a
味道 n
， x
早餐 n
還好 x
。 x"
258,環境,,"住 v
了 ul
一次 m
， x
還 x
算 v
可以 c
。 x
不過 x
攜程 x
的 uj
房間 x
一向 d
不好 d"
259,環境	服務,,"不 d
知道 v
該 x
酒店 n
如何 r
區分 x
大床 n
與 p
標間 n
？ x
？ x
？ x
床 n
和 c
普通 nz
標間 n
的 uj
床 n
差不多 l
大小 b
， x
說 v
是 v
商務 x
房間 x
結果 x
安排 v
在 p
一樓 x
， x
如何 r
讓 x
商務 x
客人 n
安心 v
休息 v
？ x
？ x"
261,價格,,"該 x
酒店 n
很 d
差 a
, x
服務 x
實在 x
無法 x
忍耐 v
, x
屬於 x
老土 n
級 zg
酒店 n
, x
四星級 x
價格 x
, x
比 p
附近 f
的 uj
安陽 x
賓館 x
和 c
中原 ns
賓館 x
差遠了 x
. x
價格 x
還 d
貴 a
, x
下次 t
不會 x
住 v
. m"
262,環境,,"對 x
了 ul
， x
前面 f
的 uj
說 v
插 v
鑰匙 x
的 uj
那 r
東西 x
要 v
拍 v
一下 m
才 d
起 v
作用 v
不 d
新鮮 x
， x
我 r
每次 r
都 d
是 v
這麼 x
做 v
的 uj
， x
最 d
搞笑 v
的 uj
是 v
我 r
把 p
卡 nr
拔下來 x
了 ul
， x
電 zg
還是 x
沒有 x
斷 x
。 x
樓 zg
後面 x
正在 t
施工 vn
， x
推土機 x
， x
打樁機 x
， x
汽車 x
， x
還有 x
工人 n
喊叫聲 x
， x
現場感 x
太 d
強 a
了 ul
！ x
夜裡 t
也 d
不 d
休息 v
。 x
前台 n
的 uj
小組 x
的確 x
是 v
一個個 x
哭喪 x
著 v
臉 n
， x
跟 p
人家 n
欠 v
她 r
八百 m
吊 zg
一樣 x
給 zg
大堂 n
副理 n
在 p
不同 a
時段 x
打 v
了 ul
Ｎ x
次 q
電話 x
， x
從來 x
就 d
沒人 v
接過 x
． x"
263,交通,環境,"房間 x
環境 x
很 zg
乾淨 x
， x
就是 d
地方 n
不算 v
是 v
特別 x
好找 v
， x
呵呵 v
。 x"
264,環境,服務,"總體 x
還 x
行 zg
， x
在 p
景區 x
邊 x
, x
環境 x
和 c
空氣 x
都 d
是 v
不錯 x
的 uj
， x
不過 x
我們 x
去 v
的 uj
時候 x
還 d
在 p
改建 v
( x
好像 v
去年 t
就 d
的 uj
擴建 x
了 ul
， x
怎麼 x
這麼 x
長時間 x
啊 zg
) x
， x
環境 x
就 d
打 v
了 ul
折扣 v
了 ul
。 x
我們 x
住 v
的 uj
麗景樓 nr
三 m
樓頂 x
頭 zg
好像 v
是 v
319 m
室 n
， x
窗口 s
對 p
的 uj
不知 v
是 v
什麼 x
機房 x
， x
有 v
嗡嗡聲 x
， x
影響 x
休息 v
， x
與 zg
服務 x
台 q
反映 v
後 nr
換 v
了 ul
房間 x
。 x
餐廳 x
菜 n
的 uj
品種 x
少 a
， x
味道 n
一般 a
。 x
等 u
改建 v
好 a
了 ul
後 nr
， x
應該 x
是 v
個 q
不錯 x
的 uj
住地 n
。 x"
265,餐廳,,"酒店 n
比較 x
一般 a
， x
隔音 n
不是 c
很 d
好 a
， x
比較 x
令人 nrt
不滿 x
的 uj
是 v
早餐 n
， x
口味 n
及 c
品種 x
皆 d
不 d
理想 n
， x
希望 v
能夠 x
改進 x
。 x"
266,,餐廳	交通	環境,"1 x
。 x
環境 x
不錯 x
， x
不遠 x
就是 d
三峽 x
廣場 x
， x
無聊 x
可以 c
去 v
看看 v
美女 n
2 x
。 x
早餐 n
， x
贊 x
！ x
3 x
。 x
結帳 x
速度 n
較慢 x
總的來說 x
， x
還是 x
不錯 x
的 uj"
268,環境	服務,,"這 zg
酒店 n
的 uj
管理 vn
實在太 x
有 v
毛病 n
了 ul
! x
10.22 m
號 m
通過 x
攜程 x
訂 n
1 m
晚 t
. m
等 u
要續 v
房 n
的 uj
時候 x
說 zg
房間 x
滿 x
? x
! x
! x
沒有 x
任何 r
提前 v
的 uj
告知 v
, x
人 n
還 d
沒 d
走 v
就 d
把 p
房間 x
租給 x
別人 x
？ x
! x"
269,環境	價格,,"攜程 x
價格 x
360 m
元 m
/ x
間 zg
， x
我 r
看到 v
同時 x
結帳 x
的 uj
其他 r
客人 n
是 v
298 m
元 m
。 x
攜程 x
告訴 x
我 r
是 v
四星 nz
， x
我 r
看到 v
的 uj
是 v
比 p
錦江 x
之 u
星 n
更 d
糟糕 a
的 uj
房間 x
， x
電梯間 x
油漆 n
剝落 x
， x
浴室 n
不 d
? x
鋼管 x
? x
了 ul
， x
肯定 v
是 v
沒有 x
星級 x
的 uj
。 x
地方 n
也 d
在 p
一個 x
弄堂 n
裡 zg
。 x
我 r
住 v
的 uj
是 v
1512 m
房間 x
。 x
唯一 b
多 m
的 uj
是 v
韓國 x
人 n
進出 x
頻繁 x
。 x
建議 x
攜程 x
與 p
該 r
酒店 n
好好 d
交涉 v
。 x
我 r
是 v
已經 x
和 c
大堂 n
投訴 x
過 ug
了 ul
， x
這樣 x
的 uj
房間 x
是 v
根本 a
不值 n
360 m
元 m
的 uj
價錢 x
的 uj
。 x
攜程 x
應 x
到 v
酒店 n
實地 x
勘查 vn
後 nr
再 d
向 p
客人 n
推薦 x
。 x"
270,環境,服務,"酒店 n
空調 x
有 v
問題 x
! x
蚊子 n
太 d
多 m
! x
簡直 x
無法 x
入睡 v
! x
! x
! x
服務員 x
的 uj
態度 x
還 x
不錯 x
的 uj
! x"
271,,環境	交通	服務	餐廳,"裝修 x
不錯 x
， x
都 d
是 v
新 a
的 uj
。 x
服務 x
非常 d
好 a
， x
很 zg
細心 x
周到 v
。 x
在 p
保定 v
， x
中銀 x
的 uj
服務 x
給 p
我 r
留下 v
最 d
深刻 d
的 uj
印象 n
。 x
然後 x
早餐 n
是 v
自助餐 v
， x
種類 x
非常 d
多 m
質量 x
也 d
很 d
好 a
。 x
賓館 x
周邊 x
交通 n
也 d
挺 d
方便 a
， x
賓館 x
對面 x
就是 d
保定市 n
政府 n
。 x"
